Workbook

Sheet MasterCMCopy
A1: Min SDK Version | B1: Max SDK Version | C1: eForms SDK ID | D1: Name | E1: BT ID | F1: Is Node? | G1: Is Field? | H1: parentId | I1: parentNodeId | J1: TriplesMap Status | K1: Default Mapping Group (Generated) | L1: Mapping Group ID | M1: Module | N1: Absolute XPath | O1: XPath Condition | P1: Relative XPath | Q1: attributeName | R1: attributeOf | S1: repeatable | T1: repeatable/value | U1: type | V1: legalType | W1: codeList/id | X1: Class Path | Y1: Property Path | Z1: Mapping Notes (public) | AA1: Editorial Notes (private) | AB1: Feedback Notes (private)
A2: 1.4 | C2: ND-ProcedureFeaturesUnpublish | F2: =IF(C2="", "", OR( LEFT(C2,3)="ND-", LEFT(C2,4)="[ND-")) -> TRUE | G2: =IF(C2="", "", NOT(F2)) -> FALSE | H2: ND-ProcedureTenderingProcess | J2: TODO | L2: MG-Procedure-concernsMaskedObject-NonPublishedInformation | M2: 6p | N2: /*/cac:TenderingProcess/ext:UBLExtensions/ext:UBLExtension/ext:ExtensionContent/efext:EformsExtension/efac:FieldsPrivacy[efbc:FieldIdentifierCode/text()='pro-fea'] | P2: ext:UBLExtensions/ext:UBLExtension/ext:ExtensionContent/efext:EformsExtension/efac:FieldsPrivacy[efbc:FieldIdentifierCode/text()='pro-fea'] | S2: FALSE | X2: epo:NonPublishedInformation / epo:Procedure | Y2: ?this epo:concernsMaskedObject ?value .
A3: 1.4 | C3: ND-ProcedureFeaturesUnpublish | F3: =IF(C3="", "", OR( LEFT(C3,3)="ND-", LEFT(C3,4)="[ND-")) -> TRUE | G3: =IF(C3="", "", NOT(F3)) -> FALSE | H3: ND-ProcedureTenderingProcess | J3: TODO | L3: MG-Notice-concernsNotice-NonPublishedInformation | M3: 6p | N3: /*/cac:TenderingProcess/ext:UBLExtensions/ext:UBLExtension/ext:ExtensionContent/efext:EformsExtension/efac:FieldsPrivacy[efbc:FieldIdentifierCode/text()='pro-fea'] | P3: ext:UBLExtensions/ext:UBLExtension/ext:ExtensionContent/efext:EformsExtension/efac:FieldsPrivacy[efbc:FieldIdentifierCode/text()='pro-fea'] | S3: FALSE | X3: epo:NonPublishedInformation / epo:Notice | Y3: ?this epo:concernsNotice ?value .
A4: 1.4 | C4: BT-195(BT-88)-Procedure | D4: Unpublished Identifier | E4: BT-195 | F4: =IF(C4="", "", OR( LEFT(C4,3)="ND-", LEFT(C4,4)="[ND-")) -> FALSE | G4: =IF(C4="", "", NOT(F4)) -> TRUE | I4: ND-ProcedureFeaturesUnpublish | J4: TODO | L4: MG-NonPublishedInformation | M4: 6p | N4: /*/cac:TenderingProcess/ext:UBLExtensions/ext:UBLExtension/ext:ExtensionContent/efext:EformsExtension/efac:FieldsPrivacy[efbc:FieldIdentifierCode/text()='pro-fea']/efbc:FieldIdentifierCode | O4: efbc:FieldIdentifierCode/text() = 'pro-fea' | P4: efbc:FieldIdentifierCode | T4: FALSE | U4: code | V4: IDENTIFIER | W4: non-publication-identifier | X4: epo:NonPublishedInformation | Y4: ?this epo:hasMaskableProperty <http://data.europa.eu/a4g/ontology#hasMainFeature> .
A5: 1.4 | C5: BT-196(BT-88)-Procedure | D5: Unpublished Justification Description | E5: BT-196 | F5: =IF(C5="", "", OR( LEFT(C5,3)="ND-", LEFT(C5,4)="[ND-")) -> FALSE | G5: =IF(C5="", "", NOT(F5)) -> TRUE | I5: ND-ProcedureFeaturesUnpublish | J5: TODO | L5: MG-NonPublishedInformation | M5: 6p | N5: /*/cac:TenderingProcess/ext:UBLExtensions/ext:UBLExtension/ext:ExtensionContent/efext:EformsExtension/efac:FieldsPrivacy[efbc:FieldIdentifierCode/text()='pro-fea']/efbc:ReasonDescription | P5: efbc:ReasonDescription | T5: FALSE | U5: text-multilingual | V5: TEXT | X5: epo:NonPublishedInformation / rdf:langString | Y5: ?this epo:hasConfidentialityJustification ?value .
A6: 1.4 | C6: BT-197(BT-88)-Procedure | D6: Unpublished Justification Code | E6: BT-197 | F6: =IF(C6="", "", OR( LEFT(C6,3)="ND-", LEFT(C6,4)="[ND-")) -> FALSE | G6: =IF(C6="", "", NOT(F6)) -> TRUE | I6: ND-ProcedureFeaturesUnpublish | J6: TODO | L6: MG-NonPublishedInformation | M6: 6p | N6: /*/cac:TenderingProcess/ext:UBLExtensions/ext:UBLExtension/ext:ExtensionContent/efext:EformsExtension/efac:FieldsPrivacy[efbc:FieldIdentifierCode/text()='pro-fea']/cbc:ReasonCode | P6: cbc:ReasonCode | T6: FALSE | U6: code | V6: CODE | W6: non-publication-justification | X6: epo:NonPublishedInformation / at-voc:non-publication-justification | Y6: ?this epo:hasNonPublicationJustification ?value .
A7: 1.4 | B7: 1.5 | C7: BT-198(BT-88)-Procedure | D7: Unpublished Accessibility Date | E7: BT-198 | F7: =IF(C7="", "", OR( LEFT(C7,3)="ND-", LEFT(C7,4)="[ND-")) -> FALSE | G7: =IF(C7="", "", NOT(F7)) -> TRUE | I7: ND-ProcedureFeaturesUnpublish | J7: TODO | L7: MG-NonPublishedInformation | M7: 6p | N7: /*/cac:TenderingProcess/ext:UBLExtensions/ext:UBLExtension/ext:ExtensionContent/efext:EformsExtension/efac:FieldsPrivacy[efbc:FieldIdentifierCode/text()='pro-fea']/efbc:PublicationDate | P7: efbc:PublicationDate | T7: FALSE | U7: date | V7: DATE | X7: epo:NonPublishedInformation / xsd:date | Y7: ?this epo:hasAccessibilityDate ?value .
A8: 1.6 | C8: BT-198(BT-88)-Procedure | D8: Unpublished Access Date | E8: BT-198 | F8: =IF(C8="", "", OR( LEFT(C8,3)="ND-", LEFT(C8,4)="[ND-")) -> FALSE | G8: =IF(C8="", "", NOT(F8)) -> TRUE | I8: ND-ProcedureFeaturesUnpublish | J8: TODO | L8: MG-NonPublishedInformation | M8: 6p | N8: /*/cac:TenderingProcess/ext:UBLExtensions/ext:UBLExtension/ext:ExtensionContent/efext:EformsExtension/efac:FieldsPrivacy[efbc:FieldIdentifierCode/text()='pro-fea']/efbc:PublicationDate | P8: efbc:PublicationDate | T8: FALSE | U8: date | V8: DATE | X8: epo:NonPublishedInformation / xsd:date | Y8: ?this epo:hasAccessibilityDate ?value .
A9: 1.4 | C9: ND-ProcedureTypeUnpublish | F9: =IF(C9="", "", OR( LEFT(C9,3)="ND-", LEFT(C9,4)="[ND-")) -> TRUE | G9: =IF(C9="", "", NOT(F9)) -> FALSE | H9: ND-ProcedureTenderingProcess | J9: TODO | L9: MG-Procedure-concernsMaskedObject-NonPublishedInformation | M9: 6p | N9: /*/cac:TenderingProcess/ext:UBLExtensions/ext:UBLExtension/ext:ExtensionContent/efext:EformsExtension/efac:FieldsPrivacy[efbc:FieldIdentifierCode/text()='pro-typ'] | P9: ext:UBLExtensions/ext:UBLExtension/ext:ExtensionContent/efext:EformsExtension/efac:FieldsPrivacy[efbc:FieldIdentifierCode/text()='pro-typ'] | S9: FALSE | X9: epo:NonPublishedInformation / epo:Procedure | Y9: ?this epo:concernsMaskedObject ?value .
A10: 1.4 | C10: ND-ProcedureTypeUnpublish | F10: =IF(C10="", "", OR( LEFT(C10,3)="ND-", LEFT(C10,4)="[ND-")) -> TRUE | G10: =IF(C10="", "", NOT(F10)) -> FALSE | H10: ND-ProcedureTenderingProcess | J10: TODO | L10: MG-Notice-concernsNotice-NonPublishedInformation | M10: 6p | N10: /*/cac:TenderingProcess/ext:UBLExtensions/ext:UBLExtension/ext:ExtensionContent/efext:EformsExtension/efac:FieldsPrivacy[efbc:FieldIdentifierCode/text()='pro-typ'] | P10: ext:UBLExtensions/ext:UBLExtension/ext:ExtensionContent/efext:EformsExtension/efac:FieldsPrivacy[efbc:FieldIdentifierCode/text()='pro-typ'] | S10: FALSE | X10: epo:NonPublishedInformation / epo:Notice | Y10: ?this epo:concernsNotice ?value .
A11: 1.4 | C11: BT-195(BT-105)-Procedure | D11: Unpublished Identifier | E11: BT-195 | F11: =IF(C11="", "", OR( LEFT(C11,3)="ND-", LEFT(C11,4)="[ND-")) -> FALSE | G11: =IF(C11="", "", NOT(F11)) -> TRUE | I11: ND-ProcedureTypeUnpublish | J11: TODO | L11: MG-NonPublishedInformation | M11: 6p | N11: /*/cac:TenderingProcess/ext:UBLExtensions/ext:UBLExtension/ext:ExtensionContent/efext:EformsExtension/efac:FieldsPrivacy[efbc:FieldIdentifierCode/text()='pro-typ']/efbc:FieldIdentifierCode | O11: efbc:FieldIdentifierCode/text() = 'pro-typ' | P11: efbc:FieldIdentifierCode | T11: FALSE | U11: code | V11: IDENTIFIER | W11: non-publication-identifier | X11: epo:NonPublishedInformation | Y11: ?this epo:hasMaskableProperty <http://data.europa.eu/a4g/ontology#hasProcedureType> .
A12: 1.4 | C12: BT-196(BT-105)-Procedure | D12: Unpublished Justification Description | E12: BT-196 | F12: =IF(C12="", "", OR( LEFT(C12,3)="ND-", LEFT(C12,4)="[ND-")) -> FALSE | G12: =IF(C12="", "", NOT(F12)) -> TRUE | I12: ND-ProcedureTypeUnpublish | J12: TODO | L12: MG-NonPublishedInformation | M12: 6p | N12: /*/cac:TenderingProcess/ext:UBLExtensions/ext:UBLExtension/ext:ExtensionContent/efext:EformsExtension/efac:FieldsPrivacy[efbc:FieldIdentifierCode/text()='pro-typ']/efbc:ReasonDescription | P12: efbc:ReasonDescription | T12: FALSE | U12: text-multilingual | V12: TEXT | X12: epo:NonPublishedInformation / rdf:langString | Y12: ?this epo:hasConfidentialityJustification ?value .
A13: 1.4 | C13: BT-197(BT-105)-Procedure | D13: Unpublished Justification Code | E13: BT-197 | F13: =IF(C13="", "", OR( LEFT(C13,3)="ND-", LEFT(C13,4)="[ND-")) -> FALSE | G13: =IF(C13="", "", NOT(F13)) -> TRUE | I13: ND-ProcedureTypeUnpublish | J13: TODO | L13: MG-NonPublishedInformation | M13: 6p | N13: /*/cac:TenderingProcess/ext:UBLExtensions/ext:UBLExtension/ext:ExtensionContent/efext:EformsExtension/efac:FieldsPrivacy[efbc:FieldIdentifierCode/text()='pro-typ']/cbc:ReasonCode | P13: cbc:ReasonCode | T13: FALSE | U13: code | V13: CODE | W13: non-publication-justification | X13: epo:NonPublishedInformation / at-voc:non-publication-justification | Y13: ?this epo:hasNonPublicationJustification ?value .
A14: 1.4 | B14: 1.5 | C14: BT-198(BT-105)-Procedure | D14: Unpublished Accessibility Date | E14: BT-198 | F14: =IF(C14="", "", OR( LEFT(C14,3)="ND-", LEFT(C14,4)="[ND-")) -> FALSE | G14: =IF(C14="", "", NOT(F14)) -> TRUE | I14: ND-ProcedureTypeUnpublish | J14: TODO | L14: MG-NonPublishedInformation | M14: 6p | N14: /*/cac:TenderingProcess/ext:UBLExtensions/ext:UBLExtension/ext:ExtensionContent/efext:EformsExtension/efac:FieldsPrivacy[efbc:FieldIdentifierCode/text()='pro-typ']/efbc:PublicationDate | P14: efbc:PublicationDate | T14: FALSE | U14: date | V14: DATE | X14: epo:NonPublishedInformation / xsd:date | Y14: ?this epo:hasAccessibilityDate ?value .
A15: 1.6 | C15: BT-198(BT-105)-Procedure | D15: Unpublished Access Date | E15: BT-198 | F15: =IF(C15="", "", OR( LEFT(C15,3)="ND-", LEFT(C15,4)="[ND-")) -> FALSE | G15: =IF(C15="", "", NOT(F15)) -> TRUE | I15: ND-ProcedureTypeUnpublish | J15: TODO | L15: MG-NonPublishedInformation | M15: 6p | N15: /*/cac:TenderingProcess/ext:UBLExtensions/ext:UBLExtension/ext:ExtensionContent/efext:EformsExtension/efac:FieldsPrivacy[efbc:FieldIdentifierCode/text()='pro-typ']/efbc:PublicationDate | P15: efbc:PublicationDate | T15: FALSE | U15: date | V15: DATE | X15: epo:NonPublishedInformation / xsd:date | Y15: ?this epo:hasAccessibilityDate ?value .
A16: 1.4 | C16: ND-ProcedureAcceleratedUnpublish | F16: =IF(C16="", "", OR( LEFT(C16,3)="ND-", LEFT(C16,4)="[ND-")) -> TRUE | G16: =IF(C16="", "", NOT(F16)) -> FALSE | H16: ND-AcceleratedProcedure | J16: DONE-RESERVATIONS | L16: MG-Procedure-concernsMaskedObject-NonPublishedInformation | M16: 6p | N16: /*/cac:TenderingProcess/cac:ProcessJustification[cbc:ProcessReasonCode/@listName='accelerated-procedure']/ext:UBLExtensions/ext:UBLExtension/ext:ExtensionContent/efext:EformsExtension/efac:FieldsPrivacy[efbc:FieldIdentifierCode/text()='pro-acc'] | P16: ext:UBLExtensions/ext:UBLExtension/ext:ExtensionContent/efext:EformsExtension/efac:FieldsPrivacy[efbc:FieldIdentifierCode/text()='pro-acc'] | S16: FALSE | X16: epo:NonPublishedInformation / epo:Procedure | Y16: ?this epo:concernsMaskedObject ?value .
A17: 1.4 | C17: ND-ProcedureAcceleratedUnpublish | F17: =IF(C17="", "", OR( LEFT(C17,3)="ND-", LEFT(C17,4)="[ND-")) -> TRUE | G17: =IF(C17="", "", NOT(F17)) -> FALSE | H17: ND-AcceleratedProcedure | J17: DONE-RESERVATIONS | L17: MG-Notice-concernsNotice-NonPublishedInformation | M17: 6p | N17: /*/cac:TenderingProcess/cac:ProcessJustification[cbc:ProcessReasonCode/@listName='accelerated-procedure']/ext:UBLExtensions/ext:UBLExtension/ext:ExtensionContent/efext:EformsExtension/efac:FieldsPrivacy[efbc:FieldIdentifierCode/text()='pro-acc'] | P17: ext:UBLExtensions/ext:UBLExtension/ext:ExtensionContent/efext:EformsExtension/efac:FieldsPrivacy[efbc:FieldIdentifierCode/text()='pro-acc'] | S17: FALSE | X17: epo:NonPublishedInformation / epo:Notice | Y17: ?this epo:concernsNotice ?value .
A18: 1.4 | C18: BT-195(BT-106)-Procedure | D18: Unpublished Identifier | E18: BT-195 | F18: =IF(C18="", "", OR( LEFT(C18,3)="ND-", LEFT(C18,4)="[ND-")) -> FALSE | G18: =IF(C18="", "", NOT(F18)) -> TRUE | I18: ND-ProcedureAcceleratedUnpublish | J18: DONE | L18: MG-NonPublishedInformation | M18: 6p | N18: /*/cac:TenderingProcess/cac:ProcessJustification[cbc:ProcessReasonCode/@listName='accelerated-procedure']/ext:UBLExtensions/ext:UBLExtension/ext:ExtensionContent/efext:EformsExtension/efac:FieldsPrivacy[efbc:FieldIdentifierCode/text()='pro-acc']/efbc:FieldIdentifierCode | O18: efbc:FieldIdentifierCode/text() = 'pro-acc' | P18: efbc:FieldIdentifierCode | T18: FALSE | U18: code | V18: IDENTIFIER | W18: non-publication-identifier | X18: epo:NonPublishedInformation | Y18: ?this epo:hasMaskableProperty <http://data.europa.eu/a4g/ontology#isAccelerated> .
A19: 1.4 | C19: BT-196(BT-106)-Procedure | D19: Unpublished Justification Description | E19: BT-196 | F19: =IF(C19="", "", OR( LEFT(C19,3)="ND-", LEFT(C19,4)="[ND-")) -> FALSE | G19: =IF(C19="", "", NOT(F19)) -> TRUE | I19: ND-ProcedureAcceleratedUnpublish | J19: DONE | L19: MG-NonPublishedInformation | M19: 6p | N19: /*/cac:TenderingProcess/cac:ProcessJustification[cbc:ProcessReasonCode/@listName='accelerated-procedure']/ext:UBLExtensions/ext:UBLExtension/ext:ExtensionContent/efext:EformsExtension/efac:FieldsPrivacy[efbc:FieldIdentifierCode/text()='pro-acc']/efbc:ReasonDescription | P19: efbc:ReasonDescription | T19: FALSE | U19: text-multilingual | V19: TEXT | X19: epo:NonPublishedInformation / rdf:langString | Y19: ?this epo:hasConfidentialityJustification ?value .
A20: 1.4 | C20: BT-197(BT-106)-Procedure | D20: Unpublished Justification Code | E20: BT-197 | F20: =IF(C20="", "", OR( LEFT(C20,3)="ND-", LEFT(C20,4)="[ND-")) -> FALSE | G20: =IF(C20="", "", NOT(F20)) -> TRUE | I20: ND-ProcedureAcceleratedUnpublish | J20: DONE | L20: MG-NonPublishedInformation | M20: 6p | N20: /*/cac:TenderingProcess/cac:ProcessJustification[cbc:ProcessReasonCode/@listName='accelerated-procedure']/ext:UBLExtensions/ext:UBLExtension/ext:ExtensionContent/efext:EformsExtension/efac:FieldsPrivacy[efbc:FieldIdentifierCode/text()='pro-acc']/cbc:ReasonCode | P20: cbc:ReasonCode | T20: FALSE | U20: code | V20: CODE | W20: non-publication-justification | X20: epo:NonPublishedInformation / at-voc:non-publication-justification | Y20: ?this epo:hasNonPublicationJustification ?value .
A21: 1.4 | B21: 1.5 | C21: BT-198(BT-106)-Procedure | D21: Unpublished Accessibility Date | E21: BT-198 | F21: =IF(C21="", "", OR( LEFT(C21,3)="ND-", LEFT(C21,4)="[ND-")) -> FALSE | G21: =IF(C21="", "", NOT(F21)) -> TRUE | I21: ND-ProcedureAcceleratedUnpublish | J21: DONE | L21: MG-NonPublishedInformation | M21: 6p | N21: /*/cac:TenderingProcess/cac:ProcessJustification[cbc:ProcessReasonCode/@listName='accelerated-procedure']/ext:UBLExtensions/ext:UBLExtension/ext:ExtensionContent/efext:EformsExtension/efac:FieldsPrivacy[efbc:FieldIdentifierCode/text()='pro-acc']/efbc:PublicationDate | P21: efbc:PublicationDate | T21: FALSE | U21: date | V21: DATE | X21: epo:NonPublishedInformation / xsd:date | Y21: ?this epo:hasAccessibilityDate ?value .
A22: 1.6 | C22: BT-198(BT-106)-Procedure | D22: Unpublished Access Date | E22: BT-198 | F22: =IF(C22="", "", OR( LEFT(C22,3)="ND-", LEFT(C22,4)="[ND-")) -> FALSE | G22: =IF(C22="", "", NOT(F22)) -> TRUE | I22: ND-ProcedureAcceleratedUnpublish | J22: DONE | L22: MG-NonPublishedInformation | M22: 6p | N22: /*/cac:TenderingProcess/cac:ProcessJustification[cbc:ProcessReasonCode/@listName='accelerated-procedure']/ext:UBLExtensions/ext:UBLExtension/ext:ExtensionContent/efext:EformsExtension/efac:FieldsPrivacy[efbc:FieldIdentifierCode/text()='pro-acc']/efbc:PublicationDate | P22: efbc:PublicationDate | T22: FALSE | U22: date | V22: DATE | X22: epo:NonPublishedInformation / xsd:date | Y22: ?this epo:hasAccessibilityDate ?value .
A23: 1.4 | C23: ND-ProcedureAcceleratedJustificationUnpublish | F23: =IF(C23="", "", OR( LEFT(C23,3)="ND-", LEFT(C23,4)="[ND-")) -> TRUE | G23: =IF(C23="", "", NOT(F23)) -> FALSE | H23: ND-AcceleratedProcedure | J23: TODO | L23: MG-Procedure-concernsMaskedObject-NonPublishedInformation | M23: 6p | N23: /*/cac:TenderingProcess/cac:ProcessJustification[cbc:ProcessReasonCode/@listName='accelerated-procedure']/ext:UBLExtensions/ext:UBLExtension/ext:ExtensionContent/efext:EformsExtension/efac:FieldsPrivacy[efbc:FieldIdentifierCode/text()='pro-acc-jus'] | P23: ext:UBLExtensions/ext:UBLExtension/ext:ExtensionContent/efext:EformsExtension/efac:FieldsPrivacy[efbc:FieldIdentifierCode/text()='pro-acc-jus'] | S23: FALSE | X23: epo:NonPublishedInformation / epo:Procedure | Y23: ?this epo:concernsMaskedObject ?value .
A24: 1.4 | C24: ND-ProcedureAcceleratedJustificationUnpublish | F24: =IF(C24="", "", OR( LEFT(C24,3)="ND-", LEFT(C24,4)="[ND-")) -> TRUE | G24: =IF(C24="", "", NOT(F24)) -> FALSE | H24: ND-AcceleratedProcedure | J24: TODO | L24: MG-Notice-concernsNotice-NonPublishedInformation | M24: 6p | N24: /*/cac:TenderingProcess/cac:ProcessJustification[cbc:ProcessReasonCode/@listName='accelerated-procedure']/ext:UBLExtensions/ext:UBLExtension/ext:ExtensionContent/efext:EformsExtension/efac:FieldsPrivacy[efbc:FieldIdentifierCode/text()='pro-acc-jus'] | P24: ext:UBLExtensions/ext:UBLExtension/ext:ExtensionContent/efext:EformsExtension/efac:FieldsPrivacy[efbc:FieldIdentifierCode/text()='pro-acc-jus'] | S24: FALSE | X24: epo:NonPublishedInformation / epo:Notice | Y24: ?this epo:concernsNotice ?value .
A25: 1.4 | C25: BT-195(BT-1351)-Procedure | D25: Unpublished Identifier | E25: BT-195 | F25: =IF(C25="", "", OR( LEFT(C25,3)="ND-", LEFT(C25,4)="[ND-")) -> FALSE | G25: =IF(C25="", "", NOT(F25)) -> TRUE | I25: ND-ProcedureAcceleratedJustificationUnpublish | J25: TODO | L25: MG-NonPublishedInformation | M25: 6p | N25: /*/cac:TenderingProcess/cac:ProcessJustification[cbc:ProcessReasonCode/@listName='accelerated-procedure']/ext:UBLExtensions/ext:UBLExtension/ext:ExtensionContent/efext:EformsExtension/efac:FieldsPrivacy[efbc:FieldIdentifierCode/text()='pro-acc-jus']/efbc:FieldIdentifierCode | O25: efbc:FieldIdentifierCode/text() = 'pro-acc-jus' | P25: efbc:FieldIdentifierCode | T25: FALSE | U25: code | V25: IDENTIFIER | W25: non-publication-identifier | X25: epo:NonPublishedInformation | Y25: ?this epo:hasMaskableProperty <http://data.europa.eu/a4g/ontology#hasAcceleratedProcedureJustification> .
A26: 1.4 | C26: BT-196(BT-1351)-Procedure | D26: Unpublished Justification Description | E26: BT-196 | F26: =IF(C26="", "", OR( LEFT(C26,3)="ND-", LEFT(C26,4)="[ND-")) -> FALSE | G26: =IF(C26="", "", NOT(F26)) -> TRUE | I26: ND-ProcedureAcceleratedJustificationUnpublish | J26: TODO | L26: MG-NonPublishedInformation | M26: 6p | N26: /*/cac:TenderingProcess/cac:ProcessJustification[cbc:ProcessReasonCode/@listName='accelerated-procedure']/ext:UBLExtensions/ext:UBLExtension/ext:ExtensionContent/efext:EformsExtension/efac:FieldsPrivacy[efbc:FieldIdentifierCode/text()='pro-acc-jus']/efbc:ReasonDescription | P26: efbc:ReasonDescription | T26: FALSE | U26: text-multilingual | V26: TEXT | X26: epo:NonPublishedInformation / rdf:langString | Y26: ?this epo:hasConfidentialityJustification ?value .
A27: 1.4 | C27: BT-197(BT-1351)-Procedure | D27: Unpublished Justification Code | E27: BT-197 | F27: =IF(C27="", "", OR( LEFT(C27,3)="ND-", LEFT(C27,4)="[ND-")) -> FALSE | G27: =IF(C27="", "", NOT(F27)) -> TRUE | I27: ND-ProcedureAcceleratedJustificationUnpublish | J27: TODO | L27: MG-NonPublishedInformation | M27: 6p | N27: /*/cac:TenderingProcess/cac:ProcessJustification[cbc:ProcessReasonCode/@listName='accelerated-procedure']/ext:UBLExtensions/ext:UBLExtension/ext:ExtensionContent/efext:EformsExtension/efac:FieldsPrivacy[efbc:FieldIdentifierCode/text()='pro-acc-jus']/cbc:ReasonCode | P27: cbc:ReasonCode | T27: FALSE | U27: code | V27: CODE | W27: non-publication-justification | X27: epo:NonPublishedInformation / at-voc:non-publication-justification | Y27: ?this epo:hasNonPublicationJustification ?value .
A28: 1.4 | B28: 1.5 | C28: BT-198(BT-1351)-Procedure | D28: Unpublished Accessibility Date | E28: BT-198 | F28: =IF(C28="", "", OR( LEFT(C28,3)="ND-", LEFT(C28,4)="[ND-")) -> FALSE | G28: =IF(C28="", "", NOT(F28)) -> TRUE | I28: ND-ProcedureAcceleratedJustificationUnpublish | J28: TODO | L28: MG-NonPublishedInformation | M28: 6p | N28: /*/cac:TenderingProcess/cac:ProcessJustification[cbc:ProcessReasonCode/@listName='accelerated-procedure']/ext:UBLExtensions/ext:UBLExtension/ext:ExtensionContent/efext:EformsExtension/efac:FieldsPrivacy[efbc:FieldIdentifierCode/text()='pro-acc-jus']/efbc:PublicationDate | P28: efbc:PublicationDate | T28: FALSE | U28: date | V28: DATE | X28: epo:NonPublishedInformation / xsd:date | Y28: ?this epo:hasAccessibilityDate ?value .
A29: 1.6 | C29: BT-198(BT-1351)-Procedure | D29: Unpublished Access Date | E29: BT-198 | F29: =IF(C29="", "", OR( LEFT(C29,3)="ND-", LEFT(C29,4)="[ND-")) -> FALSE | G29: =IF(C29="", "", NOT(F29)) -> TRUE | I29: ND-ProcedureAcceleratedJustificationUnpublish | J29: TODO | L29: MG-NonPublishedInformation | M29: 6p | N29: /*/cac:TenderingProcess/cac:ProcessJustification[cbc:ProcessReasonCode/@listName='accelerated-procedure']/ext:UBLExtensions/ext:UBLExtension/ext:ExtensionContent/efext:EformsExtension/efac:FieldsPrivacy[efbc:FieldIdentifierCode/text()='pro-acc-jus']/efbc:PublicationDate | P29: efbc:PublicationDate | T29: FALSE | U29: date | V29: DATE | X29: epo:NonPublishedInformation / xsd:date | Y29: ?this epo:hasAccessibilityDate ?value .
A30: 1.4 | C30: ND-DirectAwardJustificationCodeUnpublish | F30: =IF(C30="", "", OR( LEFT(C30,3)="ND-", LEFT(C30,4)="[ND-")) -> TRUE | G30: =IF(C30="", "", NOT(F30)) -> FALSE | H30: ND-DirectAward | J30: TODO | L30: MG-DirectAwardTerm-concernsMaskedObject-NonPublishedInformation | M30: 6p | N30: /*/cac:TenderingProcess/cac:ProcessJustification[cbc:ProcessReasonCode/@listName='direct-award-justification']/ext:UBLExtensions/ext:UBLExtension/ext:ExtensionContent/efext:EformsExtension/efac:FieldsPrivacy[efbc:FieldIdentifierCode/text()='dir-awa-jus'] | P30: ext:UBLExtensions/ext:UBLExtension/ext:ExtensionContent/efext:EformsExtension/efac:FieldsPrivacy[efbc:FieldIdentifierCode/text()='dir-awa-jus'] | S30: FALSE | X30: epo:NonPublishedInformation / epo:DirectAwardTerm | Y30: ?this epo:concernsMaskedObject ?value .
A31: 1.4 | C31: ND-DirectAwardJustificationCodeUnpublish | F31: =IF(C31="", "", OR( LEFT(C31,3)="ND-", LEFT(C31,4)="[ND-")) -> TRUE | G31: =IF(C31="", "", NOT(F31)) -> FALSE | H31: ND-DirectAward | J31: TODO | L31: MG-Notice-concernsNotice-NonPublishedInformation | M31: 6p | N31: /*/cac:TenderingProcess/cac:ProcessJustification[cbc:ProcessReasonCode/@listName='direct-award-justification']/ext:UBLExtensions/ext:UBLExtension/ext:ExtensionContent/efext:EformsExtension/efac:FieldsPrivacy[efbc:FieldIdentifierCode/text()='dir-awa-jus'] | P31: ext:UBLExtensions/ext:UBLExtension/ext:ExtensionContent/efext:EformsExtension/efac:FieldsPrivacy[efbc:FieldIdentifierCode/text()='dir-awa-jus'] | S31: FALSE | X31: epo:NonPublishedInformation / epo:Notice | Y31: ?this epo:concernsNotice ?value .
A32: 1.4 | C32: ND-DirectAwardJustificationCodeUnpublish | F32: =IF(C32="", "", OR( LEFT(C32,3)="ND-", LEFT(C32,4)="[ND-")) -> TRUE | G32: =IF(C32="", "", NOT(F32)) -> FALSE | H32: ND-DirectAward | J32: TODO | L32: MG-DirectAwardTerm-isSubjectToTerm-Procedure | M32: 6p | N32: /*/cac:TenderingProcess/cac:ProcessJustification[cbc:ProcessReasonCode/@listName='direct-award-justification']/ext:UBLExtensions/ext:UBLExtension/ext:ExtensionContent/efext:EformsExtension/efac:FieldsPrivacy[efbc:FieldIdentifierCode/text()='dir-awa-jus'] | P32: ext:UBLExtensions/ext:UBLExtension/ext:ExtensionContent/efext:EformsExtension/efac:FieldsPrivacy[efbc:FieldIdentifierCode/text()='dir-awa-jus'] | S32: FALSE | X32: epo:Procedure / epo:DirectAwardTerm | Y32: ?this epo:isSubjectToTerm ?value .
A33: 1.4 | C33: BT-195(BT-136)-Procedure | D33: Unpublished Identifier | E33: BT-195 | F33: =IF(C33="", "", OR( LEFT(C33,3)="ND-", LEFT(C33,4)="[ND-")) -> FALSE | G33: =IF(C33="", "", NOT(F33)) -> TRUE | I33: ND-DirectAwardJustificationCodeUnpublish | J33: TODO | L33: MG-NonPublishedInformation | M33: 6p | N33: /*/cac:TenderingProcess/cac:ProcessJustification[cbc:ProcessReasonCode/@listName='direct-award-justification']/ext:UBLExtensions/ext:UBLExtension/ext:ExtensionContent/efext:EformsExtension/efac:FieldsPrivacy[efbc:FieldIdentifierCode/text()='dir-awa-jus']/efbc:FieldIdentifierCode | O33: efbc:FieldIdentifierCode/text() = 'dir-awa-jus' | P33: efbc:FieldIdentifierCode | T33: FALSE | U33: code | V33: IDENTIFIER | W33: non-publication-identifier | X33: epo:NonPublishedInformation | Y33: ?this epo:hasMaskableProperty <http://data.europa.eu/a4g/ontology#hasDirectAwardJustification> .
A34: 1.4 | C34: BT-196(BT-136)-Procedure | D34: Unpublished Justification Description | E34: BT-196 | F34: =IF(C34="", "", OR( LEFT(C34,3)="ND-", LEFT(C34,4)="[ND-")) -> FALSE | G34: =IF(C34="", "", NOT(F34)) -> TRUE | I34: ND-DirectAwardJustificationCodeUnpublish | J34: TODO | L34: MG-NonPublishedInformation | M34: 6p | N34: /*/cac:TenderingProcess/cac:ProcessJustification[cbc:ProcessReasonCode/@listName='direct-award-justification']/ext:UBLExtensions/ext:UBLExtension/ext:ExtensionContent/efext:EformsExtension/efac:FieldsPrivacy[efbc:FieldIdentifierCode/text()='dir-awa-jus']/efbc:ReasonDescription | P34: efbc:ReasonDescription | T34: FALSE | U34: text-multilingual | V34: TEXT | X34: epo:NonPublishedInformation / rdf:langString | Y34: ?this epo:hasConfidentialityJustification ?value .
A35: 1.4 | C35: BT-197(BT-136)-Procedure | D35: Unpublished Justification Code | E35: BT-197 | F35: =IF(C35="", "", OR( LEFT(C35,3)="ND-", LEFT(C35,4)="[ND-")) -> FALSE | G35: =IF(C35="", "", NOT(F35)) -> TRUE | I35: ND-DirectAwardJustificationCodeUnpublish | J35: TODO | L35: MG-NonPublishedInformation | M35: 6p | N35: /*/cac:TenderingProcess/cac:ProcessJustification[cbc:ProcessReasonCode/@listName='direct-award-justification']/ext:UBLExtensions/ext:UBLExtension/ext:ExtensionContent/efext:EformsExtension/efac:FieldsPrivacy[efbc:FieldIdentifierCode/text()='dir-awa-jus']/cbc:ReasonCode | P35: cbc:ReasonCode | T35: FALSE | U35: code | V35: CODE | W35: non-publication-justification | X35: epo:NonPublishedInformation / at-voc:non-publication-justification | Y35: ?this epo:hasNonPublicationJustification ?value .
A36: 1.4 | B36: 1.5 | C36: BT-198(BT-136)-Procedure | D36: Unpublished Accessibility Date | E36: BT-198 | F36: =IF(C36="", "", OR( LEFT(C36,3)="ND-", LEFT(C36,4)="[ND-")) -> FALSE | G36: =IF(C36="", "", NOT(F36)) -> TRUE | I36: ND-DirectAwardJustificationCodeUnpublish | J36: TODO | L36: MG-NonPublishedInformation | M36: 6p | N36: /*/cac:TenderingProcess/cac:ProcessJustification[cbc:ProcessReasonCode/@listName='direct-award-justification']/ext:UBLExtensions/ext:UBLExtension/ext:ExtensionContent/efext:EformsExtension/efac:FieldsPrivacy[efbc:FieldIdentifierCode/text()='dir-awa-jus']/efbc:PublicationDate | P36: efbc:PublicationDate | T36: FALSE | U36: date | V36: DATE | X36: epo:NonPublishedInformation / xsd:date | Y36: ?this epo:hasAccessibilityDate ?value .
A37: 1.6 | C37: BT-198(BT-136)-Procedure | D37: Unpublished Access Date | E37: BT-198 | F37: =IF(C37="", "", OR( LEFT(C37,3)="ND-", LEFT(C37,4)="[ND-")) -> FALSE | G37: =IF(C37="", "", NOT(F37)) -> TRUE | I37: ND-DirectAwardJustificationCodeUnpublish | J37: TODO | L37: MG-NonPublishedInformation | M37: 6p | N37: /*/cac:TenderingProcess/cac:ProcessJustification[cbc:ProcessReasonCode/@listName='direct-award-justification']/ext:UBLExtensions/ext:UBLExtension/ext:ExtensionContent/efext:EformsExtension/efac:FieldsPrivacy[efbc:FieldIdentifierCode/text()='dir-awa-jus']/efbc:PublicationDate | P37: efbc:PublicationDate | T37: FALSE | U37: date | V37: DATE | X37: epo:NonPublishedInformation / xsd:date | Y37: ?this epo:hasAccessibilityDate ?value .
A38: 1.4 | C38: ND-DirectAwardJustificationTextUnpublish | F38: =IF(C38="", "", OR( LEFT(C38,3)="ND-", LEFT(C38,4)="[ND-")) -> TRUE | G38: =IF(C38="", "", NOT(F38)) -> FALSE | H38: ND-DirectAward | J38: TODO | L38: MG-DirectAwardTerm-concernsMaskedObject-NonPublishedInformation | M38: 6p | N38: /*/cac:TenderingProcess/cac:ProcessJustification[cbc:ProcessReasonCode/@listName='direct-award-justification']/ext:UBLExtensions/ext:UBLExtension/ext:ExtensionContent/efext:EformsExtension/efac:FieldsPrivacy[efbc:FieldIdentifierCode/text()='dir-awa-tex'] | P38: ext:UBLExtensions/ext:UBLExtension/ext:ExtensionContent/efext:EformsExtension/efac:FieldsPrivacy[efbc:FieldIdentifierCode/text()='dir-awa-tex'] | S38: FALSE | X38: epo:NonPublishedInformation / epo:DirectAwardTerm | Y38: ?this epo:concernsMaskedObject ?value .
A39: 1.4 | C39: ND-DirectAwardJustificationTextUnpublish | F39: =IF(C39="", "", OR( LEFT(C39,3)="ND-", LEFT(C39,4)="[ND-")) -> TRUE | G39: =IF(C39="", "", NOT(F39)) -> FALSE | H39: ND-DirectAward | J39: TODO | L39: MG-Notice-concernsNotice-NonPublishedInformation | M39: 6p | N39: /*/cac:TenderingProcess/cac:ProcessJustification[cbc:ProcessReasonCode/@listName='direct-award-justification']/ext:UBLExtensions/ext:UBLExtension/ext:ExtensionContent/efext:EformsExtension/efac:FieldsPrivacy[efbc:FieldIdentifierCode/text()='dir-awa-tex'] | P39: ext:UBLExtensions/ext:UBLExtension/ext:ExtensionContent/efext:EformsExtension/efac:FieldsPrivacy[efbc:FieldIdentifierCode/text()='dir-awa-tex'] | S39: FALSE | X39: epo:NonPublishedInformation / epo:Notice | Y39: ?this epo:concernsNotice ?value .
A40: 1.4 | C40: ND-DirectAwardJustificationTextUnpublish | F40: =IF(C40="", "", OR( LEFT(C40,3)="ND-", LEFT(C40,4)="[ND-")) -> TRUE | G40: =IF(C40="", "", NOT(F40)) -> FALSE | H40: ND-DirectAward | J40: TODO | L40: MG-DirectAwardTerm-isSubjectToTerm-Procedure | M40: 6p | N40: /*/cac:TenderingProcess/cac:ProcessJustification[cbc:ProcessReasonCode/@listName='direct-award-justification']/ext:UBLExtensions/ext:UBLExtension/ext:ExtensionContent/efext:EformsExtension/efac:FieldsPrivacy[efbc:FieldIdentifierCode/text()='dir-awa-tex'] | P40: ext:UBLExtensions/ext:UBLExtension/ext:ExtensionContent/efext:EformsExtension/efac:FieldsPrivacy[efbc:FieldIdentifierCode/text()='dir-awa-tex'] | S40: FALSE | X40: epo:Procedure / epo:DirectAwardTerm | Y40: ?this epo:isSubjectToTerm ?value .
A41: 1.4 | C41: BT-195(BT-135)-Procedure | D41: Unpublished Identifier | E41: BT-195 | F41: =IF(C41="", "", OR( LEFT(C41,3)="ND-", LEFT(C41,4)="[ND-")) -> FALSE | G41: =IF(C41="", "", NOT(F41)) -> TRUE | I41: ND-DirectAwardJustificationTextUnpublish | J41: TODO | L41: MG-NonPublishedInformation | M41: 6p | N41: /*/cac:TenderingProcess/cac:ProcessJustification[cbc:ProcessReasonCode/@listName='direct-award-justification']/ext:UBLExtensions/ext:UBLExtension/ext:ExtensionContent/efext:EformsExtension/efac:FieldsPrivacy[efbc:FieldIdentifierCode/text()='dir-awa-tex']/efbc:FieldIdentifierCode | O41: efbc:FieldIdentifierCode/text() = 'dir-awa-tex' | P41: efbc:FieldIdentifierCode | T41: FALSE | U41: code | V41: IDENTIFIER | W41: non-publication-identifier | X41: epo:NonPublishedInformation | Y41: ?this epo:hasMaskableProperty <http://data.europa.eu/a4g/ontology#hasJustification> .
A42: 1.4 | C42: BT-196(BT-135)-Procedure | D42: Unpublished Justification Description | E42: BT-196 | F42: =IF(C42="", "", OR( LEFT(C42,3)="ND-", LEFT(C42,4)="[ND-")) -> FALSE | G42: =IF(C42="", "", NOT(F42)) -> TRUE | I42: ND-DirectAwardJustificationTextUnpublish | J42: TODO | L42: MG-NonPublishedInformation | M42: 6p | N42: /*/cac:TenderingProcess/cac:ProcessJustification[cbc:ProcessReasonCode/@listName='direct-award-justification']/ext:UBLExtensions/ext:UBLExtension/ext:ExtensionContent/efext:EformsExtension/efac:FieldsPrivacy[efbc:FieldIdentifierCode/text()='dir-awa-tex']/efbc:ReasonDescription | P42: efbc:ReasonDescription | T42: FALSE | U42: text-multilingual | V42: TEXT | X42: epo:NonPublishedInformation / rdf:langString | Y42: ?this epo:hasConfidentialityJustification ?value .
A43: 1.4 | C43: BT-197(BT-135)-Procedure | D43: Unpublished Justification Code | E43: BT-197 | F43: =IF(C43="", "", OR( LEFT(C43,3)="ND-", LEFT(C43,4)="[ND-")) -> FALSE | G43: =IF(C43="", "", NOT(F43)) -> TRUE | I43: ND-DirectAwardJustificationTextUnpublish | J43: TODO | L43: MG-NonPublishedInformation | M43: 6p | N43: /*/cac:TenderingProcess/cac:ProcessJustification[cbc:ProcessReasonCode/@listName='direct-award-justification']/ext:UBLExtensions/ext:UBLExtension/ext:ExtensionContent/efext:EformsExtension/efac:FieldsPrivacy[efbc:FieldIdentifierCode/text()='dir-awa-tex']/cbc:ReasonCode | P43: cbc:ReasonCode | T43: FALSE | U43: code | V43: CODE | W43: non-publication-justification | X43: epo:NonPublishedInformation / at-voc:non-publication-justification | Y43: ?this epo:hasNonPublicationJustification ?value .
A44: 1.4 | B44: 1.5 | C44: BT-198(BT-135)-Procedure | D44: Unpublished Accessibility Date | E44: BT-198 | F44: =IF(C44="", "", OR( LEFT(C44,3)="ND-", LEFT(C44,4)="[ND-")) -> FALSE | G44: =IF(C44="", "", NOT(F44)) -> TRUE | I44: ND-DirectAwardJustificationTextUnpublish | J44: TODO | L44: MG-NonPublishedInformation | M44: 6p | N44: /*/cac:TenderingProcess/cac:ProcessJustification[cbc:ProcessReasonCode/@listName='direct-award-justification']/ext:UBLExtensions/ext:UBLExtension/ext:ExtensionContent/efext:EformsExtension/efac:FieldsPrivacy[efbc:FieldIdentifierCode/text()='dir-awa-tex']/efbc:PublicationDate | P44: efbc:PublicationDate | T44: FALSE | U44: date | V44: DATE | X44: epo:NonPublishedInformation / xsd:date | Y44: ?this epo:hasAccessibilityDate ?value .
A45: 1.6 | C45: BT-198(BT-135)-Procedure | D45: Unpublished Access Date | E45: BT-198 | F45: =IF(C45="", "", OR( LEFT(C45,3)="ND-", LEFT(C45,4)="[ND-")) -> FALSE | G45: =IF(C45="", "", NOT(F45)) -> TRUE | I45: ND-DirectAwardJustificationTextUnpublish | J45: TODO | L45: MG-NonPublishedInformation | M45: 6p | N45: /*/cac:TenderingProcess/cac:ProcessJustification[cbc:ProcessReasonCode/@listName='direct-award-justification']/ext:UBLExtensions/ext:UBLExtension/ext:ExtensionContent/efext:EformsExtension/efac:FieldsPrivacy[efbc:FieldIdentifierCode/text()='dir-awa-tex']/efbc:PublicationDate | P45: efbc:PublicationDate | T45: FALSE | U45: date | V45: DATE | X45: epo:NonPublishedInformation / xsd:date | Y45: ?this epo:hasAccessibilityDate ?value .
A46: 1.4 | C46: ND-DirectAwardJustificationPreviousUnpublish | F46: =IF(C46="", "", OR( LEFT(C46,3)="ND-", LEFT(C46,4)="[ND-")) -> TRUE | G46: =IF(C46="", "", NOT(F46)) -> FALSE | H46: ND-DirectAward | J46: TODO | L46: MG-Procedure-concernsMaskedObject-NonPublishedInformation | M46: 6p | N46: /*/cac:TenderingProcess/cac:ProcessJustification[cbc:ProcessReasonCode/@listName='direct-award-justification']/ext:UBLExtensions/ext:UBLExtension/ext:ExtensionContent/efext:EformsExtension/efac:FieldsPrivacy[efbc:FieldIdentifierCode/text()='dir-awa-pre'] | P46: ext:UBLExtensions/ext:UBLExtension/ext:ExtensionContent/efext:EformsExtension/efac:FieldsPrivacy[efbc:FieldIdentifierCode/text()='dir-awa-pre'] | S46: FALSE | X46: epo:NonPublishedInformation / epo:Procedure | Y46: ?this epo:concernsMaskedObject ?value . | Z46: The Masked Object here is the refered previous procedure. | AA46: Is this to be linked to the DirectAwardTerm, to the (previous) Procedure or to the Identifier? Answer: To the second Procedure | AB46: Mentioned in #14 in the mappingsDiscussion document
A47: 1.4 | C47: ND-DirectAwardJustificationPreviousUnpublish | F47: =IF(C47="", "", OR( LEFT(C47,3)="ND-", LEFT(C47,4)="[ND-")) -> TRUE | G47: =IF(C47="", "", NOT(F47)) -> FALSE | H47: ND-DirectAward | J47: TODO | L47: MG-Notice-concernsNotice-NonPublishedInformation | M47: 6p | N47: /*/cac:TenderingProcess/cac:ProcessJustification[cbc:ProcessReasonCode/@listName='direct-award-justification']/ext:UBLExtensions/ext:UBLExtension/ext:ExtensionContent/efext:EformsExtension/efac:FieldsPrivacy[efbc:FieldIdentifierCode/text()='dir-awa-pre'] | P47: ext:UBLExtensions/ext:UBLExtension/ext:ExtensionContent/efext:EformsExtension/efac:FieldsPrivacy[efbc:FieldIdentifierCode/text()='dir-awa-pre'] | S47: FALSE | X47: epo:NonPublishedInformation / epo:Notice | Y47: ?this epo:concernsNotice ?value .
A48: 1.4 | C48: ND-DirectAwardJustificationPreviousUnpublish | F48: =IF(C48="", "", OR( LEFT(C48,3)="ND-", LEFT(C48,4)="[ND-")) -> TRUE | G48: =IF(C48="", "", NOT(F48)) -> FALSE | H48: ND-DirectAward | J48: TODO | L48: MG-Procedure-refersToPreviousProcedure-DirectAwardTerm-isSubjectToTerm-Procedure | M48: 6p | N48: /*/cac:TenderingProcess/cac:ProcessJustification[cbc:ProcessReasonCode/@listName='direct-award-justification']/ext:UBLExtensions/ext:UBLExtension/ext:ExtensionContent/efext:EformsExtension/efac:FieldsPrivacy[efbc:FieldIdentifierCode/text()='dir-awa-pre'] | P48: ext:UBLExtensions/ext:UBLExtension/ext:ExtensionContent/efext:EformsExtension/efac:FieldsPrivacy[efbc:FieldIdentifierCode/text()='dir-awa-pre'] | S48: FALSE | X48: epo:Procedure / epo:DirectAwardTerm / epo:Procedure | Y48: ?this epo:isSubjectToTerm / epo:refersToPreviousProcedure ?value . | AA48: Updated the class and property paths, to start with Procedure, as for the field BT-1252-Procedure, to which this applies. We are using the new property to link DirectAwardTerm to Proecedure (as foreseen in EPO 5) This should be correct now. But do we need this? | AB48: It was decided that since we cannot hide the identifier, we will mask the property adms.identifier to the Identifier
A49: 1.4 | C49: BT-195(BT-1252)-Procedure | D49: Unpublished Identifier | E49: BT-195 | F49: =IF(C49="", "", OR( LEFT(C49,3)="ND-", LEFT(C49,4)="[ND-")) -> FALSE | G49: =IF(C49="", "", NOT(F49)) -> TRUE | I49: ND-DirectAwardJustificationPreviousUnpublish | J49: TODO | L49: MG-NonPublishedInformation | M49: 6p | N49: /*/cac:TenderingProcess/cac:ProcessJustification[cbc:ProcessReasonCode/@listName='direct-award-justification']/ext:UBLExtensions/ext:UBLExtension/ext:ExtensionContent/efext:EformsExtension/efac:FieldsPrivacy[efbc:FieldIdentifierCode/text()='dir-awa-pre']/efbc:FieldIdentifierCode | O49: efbc:FieldIdentifierCode/text() = 'dir-awa-pre' | P49: efbc:FieldIdentifierCode | T49: FALSE | U49: code | V49: IDENTIFIER | W49: non-publication-identifier | X49: epo:NonPublishedInformation | Y49: ?this epo:hasMaskableProperty <http://www.w3.org/ns/adms#identifier> .
A50: 1.4 | C50: BT-196(BT-1252)-Procedure | D50: Unpublished Justification Description | E50: BT-196 | F50: =IF(C50="", "", OR( LEFT(C50,3)="ND-", LEFT(C50,4)="[ND-")) -> FALSE | G50: =IF(C50="", "", NOT(F50)) -> TRUE | I50: ND-DirectAwardJustificationPreviousUnpublish | J50: TODO | L50: MG-NonPublishedInformation | M50: 6p | N50: /*/cac:TenderingProcess/cac:ProcessJustification[cbc:ProcessReasonCode/@listName='direct-award-justification']/ext:UBLExtensions/ext:UBLExtension/ext:ExtensionContent/efext:EformsExtension/efac:FieldsPrivacy[efbc:FieldIdentifierCode/text()='dir-awa-pre']/efbc:ReasonDescription | P50: efbc:ReasonDescription | T50: FALSE | U50: text-multilingual | V50: TEXT | X50: epo:NonPublishedInformation / rdf:langString | Y50: ?this epo:hasConfidentialityJustification ?value .
A51: 1.4 | C51: BT-197(BT-1252)-Procedure | D51: Unpublished Justification Code | E51: BT-197 | F51: =IF(C51="", "", OR( LEFT(C51,3)="ND-", LEFT(C51,4)="[ND-")) -> FALSE | G51: =IF(C51="", "", NOT(F51)) -> TRUE | I51: ND-DirectAwardJustificationPreviousUnpublish | J51: TODO | L51: MG-NonPublishedInformation | M51: 6p | N51: /*/cac:TenderingProcess/cac:ProcessJustification[cbc:ProcessReasonCode/@listName='direct-award-justification']/ext:UBLExtensions/ext:UBLExtension/ext:ExtensionContent/efext:EformsExtension/efac:FieldsPrivacy[efbc:FieldIdentifierCode/text()='dir-awa-pre']/cbc:ReasonCode | P51: cbc:ReasonCode | T51: FALSE | U51: code | V51: CODE | W51: non-publication-justification | X51: epo:NonPublishedInformation / at-voc:non-publication-justification | Y51: ?this epo:hasNonPublicationJustification ?value .
A52: 1.4 | B52: 1.5 | C52: BT-198(BT-1252)-Procedure | D52: Unpublished Accessibility Date | E52: BT-198 | F52: =IF(C52="", "", OR( LEFT(C52,3)="ND-", LEFT(C52,4)="[ND-")) -> FALSE | G52: =IF(C52="", "", NOT(F52)) -> TRUE | I52: ND-DirectAwardJustificationPreviousUnpublish | J52: TODO | L52: MG-NonPublishedInformation | M52: 6p | N52: /*/cac:TenderingProcess/cac:ProcessJustification[cbc:ProcessReasonCode/@listName='direct-award-justification']/ext:UBLExtensions/ext:UBLExtension/ext:ExtensionContent/efext:EformsExtension/efac:FieldsPrivacy[efbc:FieldIdentifierCode/text()='dir-awa-pre']/efbc:PublicationDate | P52: efbc:PublicationDate | T52: FALSE | U52: date | V52: DATE | X52: epo:NonPublishedInformation / xsd:date | Y52: ?this epo:hasAccessibilityDate ?value .
A53: 1.6 | C53: BT-198(BT-1252)-Procedure | D53: Unpublished Access Date | E53: BT-198 | F53: =IF(C53="", "", OR( LEFT(C53,3)="ND-", LEFT(C53,4)="[ND-")) -> FALSE | G53: =IF(C53="", "", NOT(F53)) -> TRUE | I53: ND-DirectAwardJustificationPreviousUnpublish | J53: TODO | L53: MG-NonPublishedInformation | M53: 6p | N53: /*/cac:TenderingProcess/cac:ProcessJustification[cbc:ProcessReasonCode/@listName='direct-award-justification']/ext:UBLExtensions/ext:UBLExtension/ext:ExtensionContent/efext:EformsExtension/efac:FieldsPrivacy[efbc:FieldIdentifierCode/text()='dir-awa-pre']/efbc:PublicationDate | P53: efbc:PublicationDate | T53: FALSE | U53: date | V53: DATE | X53: epo:NonPublishedInformation / xsd:date | Y53: ?this epo:hasAccessibilityDate ?value .
A54: 1.4 | C54: ND-LotAwardCriterionTypeUnpublish | F54: =IF(C54="", "", OR( LEFT(C54,3)="ND-", LEFT(C54,4)="[ND-")) -> TRUE | G54: =IF(C54="", "", NOT(F54)) -> FALSE | H54: ND-LotAwardCriterionParameters | J54: TODO | L54: MG-AwardCriterion-concernsMaskedObject-NonPublishedInformation | M54: 6p | N54: /*/cac:ProcurementProjectLot[cbc:ID/@schemeName='Lot']/cac:TenderingTerms/cac:AwardingTerms/cac:AwardingCriterion/cac:SubordinateAwardingCriterion/ext:UBLExtensions/ext:UBLExtension/ext:ExtensionContent/efext:EformsExtension/efac:FieldsPrivacy[efbc:FieldIdentifierCode/text()='awa-cri-typ'] | P54: efac:FieldsPrivacy[efbc:FieldIdentifierCode/text()='awa-cri-typ'] | S54: FALSE | X54: epo:NonPublishedInformation / epo:AwardCriterion | Y54: ?this epo:concernsMaskedObject ?value .
A55: 1.4 | C55: ND-LotAwardCriterionTypeUnpublish | F55: =IF(C55="", "", OR( LEFT(C55,3)="ND-", LEFT(C55,4)="[ND-")) -> TRUE | G55: =IF(C55="", "", NOT(F55)) -> FALSE | H55: ND-LotAwardCriterionParameters | J55: TODO | L55: MG-Notice-concernsNotice-NonPublishedInformation | M55: 6p | N55: /*/cac:ProcurementProjectLot[cbc:ID/@schemeName='Lot']/cac:TenderingTerms/cac:AwardingTerms/cac:AwardingCriterion/cac:SubordinateAwardingCriterion/ext:UBLExtensions/ext:UBLExtension/ext:ExtensionContent/efext:EformsExtension/efac:FieldsPrivacy[efbc:FieldIdentifierCode/text()='awa-cri-typ'] | P55: efac:FieldsPrivacy[efbc:FieldIdentifierCode/text()='awa-cri-typ'] | S55: FALSE | X55: epo:NonPublishedInformation / epo:Notice | Y55: ?this epo:concernsNotice ?value .
A56: 1.4 | C56: ND-LotAwardCriterionTypeUnpublish | F56: =IF(C56="", "", OR( LEFT(C56,3)="ND-", LEFT(C56,4)="[ND-")) -> TRUE | G56: =IF(C56="", "", NOT(F56)) -> FALSE | H56: ND-LotAwardCriterionParameters | J56: TODO | L56: MG-AwardCriterion-specifiesProcurementCriterion-Lot | M56: 6p | N56: /*/cac:ProcurementProjectLot[cbc:ID/@schemeName='Lot']/cac:TenderingTerms/cac:AwardingTerms/cac:AwardingCriterion/cac:SubordinateAwardingCriterion/ext:UBLExtensions/ext:UBLExtension/ext:ExtensionContent/efext:EformsExtension/efac:FieldsPrivacy[efbc:FieldIdentifierCode/text()='awa-cri-typ'] | P56: efac:FieldsPrivacy[efbc:FieldIdentifierCode/text()='awa-cri-typ'] | S56: FALSE | X56: epo:Lot / epo:AwardCriterion | Y56: ?this epo:specifiesProcurementCriterion ?value . | Z56: This mapping should be already fulfilled by the mapping of the masked field.
A57: 1.4 | C57: BT-195(BT-539)-Lot | D57: Unpublished Identifier | E57: BT-195 | F57: =IF(C57="", "", OR( LEFT(C57,3)="ND-", LEFT(C57,4)="[ND-")) -> FALSE | G57: =IF(C57="", "", NOT(F57)) -> TRUE | I57: ND-LotAwardCriterionTypeUnpublish | J57: TODO | L57: MG-NonPublishedInformation | M57: 6p | N57: /*/cac:ProcurementProjectLot[cbc:ID/@schemeName='Lot']/cac:TenderingTerms/cac:AwardingTerms/cac:AwardingCriterion/cac:SubordinateAwardingCriterion/ext:UBLExtensions/ext:UBLExtension/ext:ExtensionContent/efext:EformsExtension/efac:FieldsPrivacy[efbc:FieldIdentifierCode/text()='awa-cri-typ']/efbc:FieldIdentifierCode | O57: efbc:FieldIdentifierCode/text() = 'awa-cri-typ' | P57: efbc:FieldIdentifierCode | T57: FALSE | U57: code | V57: IDENTIFIER | W57: non-publication-identifier | X57: epo:NonPublishedInformation | Y57: ?this epo:hasMaskableProperty <http://data.europa.eu/a4g/ontology#hasAwardCriterionType> .
A58: 1.4 | C58: BT-196(BT-539)-Lot | D58: Unpublished Justification Description | E58: BT-196 | F58: =IF(C58="", "", OR( LEFT(C58,3)="ND-", LEFT(C58,4)="[ND-")) -> FALSE | G58: =IF(C58="", "", NOT(F58)) -> TRUE | I58: ND-LotAwardCriterionTypeUnpublish | J58: TODO | L58: MG-NonPublishedInformation | M58: 6p | N58: /*/cac:ProcurementProjectLot[cbc:ID/@schemeName='Lot']/cac:TenderingTerms/cac:AwardingTerms/cac:AwardingCriterion/cac:SubordinateAwardingCriterion/ext:UBLExtensions/ext:UBLExtension/ext:ExtensionContent/efext:EformsExtension/efac:FieldsPrivacy[efbc:FieldIdentifierCode/text()='awa-cri-typ']/efbc:ReasonDescription | P58: efbc:ReasonDescription | T58: FALSE | U58: text-multilingual | V58: TEXT | X58: epo:NonPublishedInformation / rdf:langString | Y58: ?this epo:hasConfidentialityJustification ?value .
A59: 1.4 | C59: BT-197(BT-539)-Lot | D59: Unpublished Justification Code | E59: BT-197 | F59: =IF(C59="", "", OR( LEFT(C59,3)="ND-", LEFT(C59,4)="[ND-")) -> FALSE | G59: =IF(C59="", "", NOT(F59)) -> TRUE | I59: ND-LotAwardCriterionTypeUnpublish | J59: TODO | L59: MG-NonPublishedInformation | M59: 6p | N59: /*/cac:ProcurementProjectLot[cbc:ID/@schemeName='Lot']/cac:TenderingTerms/cac:AwardingTerms/cac:AwardingCriterion/cac:SubordinateAwardingCriterion/ext:UBLExtensions/ext:UBLExtension/ext:ExtensionContent/efext:EformsExtension/efac:FieldsPrivacy[efbc:FieldIdentifierCode/text()='awa-cri-typ']/cbc:ReasonCode | P59: cbc:ReasonCode | T59: FALSE | U59: code | V59: CODE | W59: non-publication-justification | X59: epo:NonPublishedInformation / at-voc:non-publication-justification | Y59: ?this epo:hasNonPublicationJustification ?value .
A60: 1.4 | B60: 1.5 | C60: BT-198(BT-539)-Lot | D60: Unpublished Accessibility Date | E60: BT-198 | F60: =IF(C60="", "", OR( LEFT(C60,3)="ND-", LEFT(C60,4)="[ND-")) -> FALSE | G60: =IF(C60="", "", NOT(F60)) -> TRUE | I60: ND-LotAwardCriterionTypeUnpublish | J60: TODO | L60: MG-NonPublishedInformation | M60: 6p | N60: /*/cac:ProcurementProjectLot[cbc:ID/@schemeName='Lot']/cac:TenderingTerms/cac:AwardingTerms/cac:AwardingCriterion/cac:SubordinateAwardingCriterion/ext:UBLExtensions/ext:UBLExtension/ext:ExtensionContent/efext:EformsExtension/efac:FieldsPrivacy[efbc:FieldIdentifierCode/text()='awa-cri-typ']/efbc:PublicationDate | P60: efbc:PublicationDate | T60: FALSE | U60: date | V60: DATE | X60: epo:NonPublishedInformation / xsd:date | Y60: ?this epo:hasAccessibilityDate ?value .
A61: 1.6 | C61: BT-198(BT-539)-Lot | D61: Unpublished Access Date | E61: BT-198 | F61: =IF(C61="", "", OR( LEFT(C61,3)="ND-", LEFT(C61,4)="[ND-")) -> FALSE | G61: =IF(C61="", "", NOT(F61)) -> TRUE | I61: ND-LotAwardCriterionTypeUnpublish | J61: TODO | L61: MG-NonPublishedInformation | M61: 6p | N61: /*/cac:ProcurementProjectLot[cbc:ID/@schemeName='Lot']/cac:TenderingTerms/cac:AwardingTerms/cac:AwardingCriterion/cac:SubordinateAwardingCriterion/ext:UBLExtensions/ext:UBLExtension/ext:ExtensionContent/efext:EformsExtension/efac:FieldsPrivacy[efbc:FieldIdentifierCode/text()='awa-cri-typ']/efbc:PublicationDate | P61: efbc:PublicationDate | T61: FALSE | U61: date | V61: DATE | X61: epo:NonPublishedInformation / xsd:date | Y61: ?this epo:hasAccessibilityDate ?value .
A62: 1.4 | C62: ND-LotAwardCriterionDescriptionUnpublish | F62: =IF(C62="", "", OR( LEFT(C62,3)="ND-", LEFT(C62,4)="[ND-")) -> TRUE | G62: =IF(C62="", "", NOT(F62)) -> FALSE | H62: ND-LotAwardCriterionParameters | J62: TODO | L62: MG-AwardCriterion-concernsMaskedObject-NonPublishedInformation | M62: 6p | N62: /*/cac:ProcurementProjectLot[cbc:ID/@schemeName='Lot']/cac:TenderingTerms/cac:AwardingTerms/cac:AwardingCriterion/cac:SubordinateAwardingCriterion/ext:UBLExtensions/ext:UBLExtension/ext:ExtensionContent/efext:EformsExtension/efac:FieldsPrivacy[efbc:FieldIdentifierCode/text()='awa-cri-des'] | P62: efac:FieldsPrivacy[efbc:FieldIdentifierCode/text()='awa-cri-des'] | S62: FALSE | X62: epo:NonPublishedInformation / epo:AwardCriterion | Y62: ?this epo:concernsMaskedObject ?value .
A63: 1.4 | C63: ND-LotAwardCriterionDescriptionUnpublish | F63: =IF(C63="", "", OR( LEFT(C63,3)="ND-", LEFT(C63,4)="[ND-")) -> TRUE | G63: =IF(C63="", "", NOT(F63)) -> FALSE | H63: ND-LotAwardCriterionParameters | J63: TODO | L63: MG-Notice-concernsNotice-NonPublishedInformation | M63: 6p | N63: /*/cac:ProcurementProjectLot[cbc:ID/@schemeName='Lot']/cac:TenderingTerms/cac:AwardingTerms/cac:AwardingCriterion/cac:SubordinateAwardingCriterion/ext:UBLExtensions/ext:UBLExtension/ext:ExtensionContent/efext:EformsExtension/efac:FieldsPrivacy[efbc:FieldIdentifierCode/text()='awa-cri-des'] | P63: efac:FieldsPrivacy[efbc:FieldIdentifierCode/text()='awa-cri-des'] | S63: FALSE | X63: epo:NonPublishedInformation / epo:Notice | Y63: ?this epo:concernsNotice ?value .
A64: 1.4 | C64: ND-LotAwardCriterionDescriptionUnpublish | F64: =IF(C64="", "", OR( LEFT(C64,3)="ND-", LEFT(C64,4)="[ND-")) -> TRUE | G64: =IF(C64="", "", NOT(F64)) -> FALSE | H64: ND-LotAwardCriterionParameters | J64: TODO | L64: MG-AwardCriterion-specifiesProcurementCriterion-Lot | M64: 6p | N64: /*/cac:ProcurementProjectLot[cbc:ID/@schemeName='Lot']/cac:TenderingTerms/cac:AwardingTerms/cac:AwardingCriterion/cac:SubordinateAwardingCriterion/ext:UBLExtensions/ext:UBLExtension/ext:ExtensionContent/efext:EformsExtension/efac:FieldsPrivacy[efbc:FieldIdentifierCode/text()='awa-cri-des'] | P64: efac:FieldsPrivacy[efbc:FieldIdentifierCode/text()='awa-cri-des'] | S64: FALSE | X64: epo:Lot / epo:AwardCriterion | Y64: ?this epo:specifiesProcurementCriterion ?value . | Z64: This mapping should be already fulfilled by the mapping of the masked field.
A65: 1.4 | C65: BT-195(BT-540)-Lot | D65: Unpublished Identifier | E65: BT-195 | F65: =IF(C65="", "", OR( LEFT(C65,3)="ND-", LEFT(C65,4)="[ND-")) -> FALSE | G65: =IF(C65="", "", NOT(F65)) -> TRUE | I65: ND-LotAwardCriterionDescriptionUnpublish | J65: TODO | L65: MG-NonPublishedInformation | M65: 6p | N65: /*/cac:ProcurementProjectLot[cbc:ID/@schemeName='Lot']/cac:TenderingTerms/cac:AwardingTerms/cac:AwardingCriterion/cac:SubordinateAwardingCriterion/ext:UBLExtensions/ext:UBLExtension/ext:ExtensionContent/efext:EformsExtension/efac:FieldsPrivacy[efbc:FieldIdentifierCode/text()='awa-cri-des']/efbc:FieldIdentifierCode | O65: efbc:FieldIdentifierCode/text() = 'awa-cri-des' | P65: efbc:FieldIdentifierCode | T65: FALSE | U65: code | V65: IDENTIFIER | W65: non-publication-identifier | X65: epo:NonPublishedInformation | Y65: ?this epo:hasMaskableProperty <http://purl.org/dc/terms/description> .
A66: 1.4 | C66: BT-196(BT-540)-Lot | D66: Unpublished Justification Description | E66: BT-196 | F66: =IF(C66="", "", OR( LEFT(C66,3)="ND-", LEFT(C66,4)="[ND-")) -> FALSE | G66: =IF(C66="", "", NOT(F66)) -> TRUE | I66: ND-LotAwardCriterionDescriptionUnpublish | J66: TODO | L66: MG-NonPublishedInformation | M66: 6p | N66: /*/cac:ProcurementProjectLot[cbc:ID/@schemeName='Lot']/cac:TenderingTerms/cac:AwardingTerms/cac:AwardingCriterion/cac:SubordinateAwardingCriterion/ext:UBLExtensions/ext:UBLExtension/ext:ExtensionContent/efext:EformsExtension/efac:FieldsPrivacy[efbc:FieldIdentifierCode/text()='awa-cri-des']/efbc:ReasonDescription | P66: efbc:ReasonDescription | T66: FALSE | U66: text-multilingual | V66: TEXT | X66: epo:NonPublishedInformation / rdf:langString | Y66: ?this epo:hasConfidentialityJustification ?value .
A67: 1.4 | C67: BT-197(BT-540)-Lot | D67: Unpublished Justification Code | E67: BT-197 | F67: =IF(C67="", "", OR( LEFT(C67,3)="ND-", LEFT(C67,4)="[ND-")) -> FALSE | G67: =IF(C67="", "", NOT(F67)) -> TRUE | I67: ND-LotAwardCriterionDescriptionUnpublish | J67: TODO | L67: MG-NonPublishedInformation | M67: 6p | N67: /*/cac:ProcurementProjectLot[cbc:ID/@schemeName='Lot']/cac:TenderingTerms/cac:AwardingTerms/cac:AwardingCriterion/cac:SubordinateAwardingCriterion/ext:UBLExtensions/ext:UBLExtension/ext:ExtensionContent/efext:EformsExtension/efac:FieldsPrivacy[efbc:FieldIdentifierCode/text()='awa-cri-des']/cbc:ReasonCode | P67: cbc:ReasonCode | T67: FALSE | U67: code | V67: CODE | W67: non-publication-justification | X67: epo:NonPublishedInformation / at-voc:non-publication-justification | Y67: ?this epo:hasNonPublicationJustification ?value .
A68: 1.4 | B68: 1.5 | C68: BT-198(BT-540)-Lot | D68: Unpublished Accessibility Date | E68: BT-198 | F68: =IF(C68="", "", OR( LEFT(C68,3)="ND-", LEFT(C68,4)="[ND-")) -> FALSE | G68: =IF(C68="", "", NOT(F68)) -> TRUE | I68: ND-LotAwardCriterionDescriptionUnpublish | J68: TODO | L68: MG-NonPublishedInformation | M68: 6p | N68: /*/cac:ProcurementProjectLot[cbc:ID/@schemeName='Lot']/cac:TenderingTerms/cac:AwardingTerms/cac:AwardingCriterion/cac:SubordinateAwardingCriterion/ext:UBLExtensions/ext:UBLExtension/ext:ExtensionContent/efext:EformsExtension/efac:FieldsPrivacy[efbc:FieldIdentifierCode/text()='awa-cri-des']/efbc:PublicationDate | P68: efbc:PublicationDate | T68: FALSE | U68: date | V68: DATE | X68: epo:NonPublishedInformation / xsd:date | Y68: ?this epo:hasAccessibilityDate ?value .
A69: 1.6 | C69: BT-198(BT-540)-Lot | D69: Unpublished Access Date | E69: BT-198 | F69: =IF(C69="", "", OR( LEFT(C69,3)="ND-", LEFT(C69,4)="[ND-")) -> FALSE | G69: =IF(C69="", "", NOT(F69)) -> TRUE | I69: ND-LotAwardCriterionDescriptionUnpublish | J69: TODO | L69: MG-NonPublishedInformation | M69: 6p | N69: /*/cac:ProcurementProjectLot[cbc:ID/@schemeName='Lot']/cac:TenderingTerms/cac:AwardingTerms/cac:AwardingCriterion/cac:SubordinateAwardingCriterion/ext:UBLExtensions/ext:UBLExtension/ext:ExtensionContent/efext:EformsExtension/efac:FieldsPrivacy[efbc:FieldIdentifierCode/text()='awa-cri-des']/efbc:PublicationDate | P69: efbc:PublicationDate | T69: FALSE | U69: date | V69: DATE | X69: epo:NonPublishedInformation / xsd:date | Y69: ?this epo:hasAccessibilityDate ?value .
A70: 1.4 | B70: 1.7 | C70: ND-LotAwardCriterionNumberUnpublish | F70: =IF(C70="", "", OR( LEFT(C70,3)="ND-", LEFT(C70,4)="[ND-")) -> TRUE | G70: =IF(C70="", "", NOT(F70)) -> FALSE | H70: ND-LotAwardCriterionParameter | J70: TODO | L70: MG-NonPublishedInformation-concernsMaskedObject-NonPublishedInformation | M70: 6p | N70: /*/cac:ProcurementProjectLot[cbc:ID/@schemeName='Lot']/cac:TenderingTerms/cac:AwardingTerms/cac:AwardingCriterion/cac:SubordinateAwardingCriterion/ext:UBLExtensions/ext:UBLExtension/ext:ExtensionContent/efext:EformsExtension/efac:AwardCriterionParameter/efac:FieldsPrivacy[efbc:FieldIdentifierCode/text()='awa-cri-num'] | P70: efac:FieldsPrivacy[efbc:FieldIdentifierCode/text()='awa-cri-num'] | S70: FALSE | X70: epo:NonPublishedInformation / epo:AwardCriterion OR epo:NonPublishedInformation / cccev:Constraint | Y70: ?this epo:concernsMaskedObject ?value . | AA70: Could it be linked to cccev:Constraint (e.g. in certain cases of field BT-541-Lot). See my comments below.
A71: 1.4 | B71: 1.7 | C71: ND-LotAwardCriterionNumberUnpublish | F71: =IF(C71="", "", OR( LEFT(C71,3)="ND-", LEFT(C71,4)="[ND-")) -> TRUE | G71: =IF(C71="", "", NOT(F71)) -> FALSE | H71: ND-LotAwardCriterionParameter | J71: TODO | L71: MG-Notice-concernsNotice-NonPublishedInformation | M71: 6p | N71: /*/cac:ProcurementProjectLot[cbc:ID/@schemeName='Lot']/cac:TenderingTerms/cac:AwardingTerms/cac:AwardingCriterion/cac:SubordinateAwardingCriterion/ext:UBLExtensions/ext:UBLExtension/ext:ExtensionContent/efext:EformsExtension/efac:AwardCriterionParameter/efac:FieldsPrivacy[efbc:FieldIdentifierCode/text()='awa-cri-num'] | P71: efac:FieldsPrivacy[efbc:FieldIdentifierCode/text()='awa-cri-num'] | S71: FALSE | X71: epo:NonPublishedInformation / epo:Notice | Y71: ?this epo:concernsNotice ?value .
A72: 1.4 | B72: 1.7 | C72: ND-LotAwardCriterionNumberUnpublish | F72: =IF(C72="", "", OR( LEFT(C72,3)="ND-", LEFT(C72,4)="[ND-")) -> TRUE | G72: =IF(C72="", "", NOT(F72)) -> FALSE | H72: ND-LotAwardCriterionParameter | J72: TODO | L72: MG-AwardCriterion-hasConstraint-Lot-specifiesProcurementCriterion-Lot | M72: 6p | N72: /*/cac:ProcurementProjectLot[cbc:ID/@schemeName='Lot']/cac:TenderingTerms/cac:AwardingTerms/cac:AwardingCriterion/cac:SubordinateAwardingCriterion/ext:UBLExtensions/ext:UBLExtension/ext:ExtensionContent/efext:EformsExtension/efac:AwardCriterionParameter/efac:FieldsPrivacy[efbc:FieldIdentifierCode/text()='awa-cri-num'] | P72: efac:FieldsPrivacy[efbc:FieldIdentifierCode/text()='awa-cri-num'] | S72: FALSE | X72: epo:Lot / epo:AwardCriterion OR epo:Lot / epo:AwardCriterion / cccev:Constraint | Y72: {?this epo:specifiesProcurementCriterion ?value} UNION {?this epo:specifiesProcurementCriterion / epo:hasConstraint ?value} | AA72: Depending on which field this is associated with, we might need to have epo:Lot / epo:AwardCriterion / cccev:Constraint (e.g. in certain cases of field BT-541-Lot)
A73: 1.8 | C73: ND-LotAwardCriterionWeightNumberUnpublish | F73: =IF(C73="", "", OR( LEFT(C73,3)="ND-", LEFT(C73,4)="[ND-")) -> TRUE | G73: =IF(C73="", "", NOT(F73)) -> FALSE | H73: ND-LotAwardWeightCriterionParameter | J73: TODO | L73: MG-AwardCriterion-concernsMaskedObject-NonPublishedInformation | M73: 6p | N73: /*/cac:ProcurementProjectLot[cbc:ID/@schemeName='Lot']/cac:TenderingTerms/cac:AwardingTerms/cac:AwardingCriterion/cac:SubordinateAwardingCriterion/ext:UBLExtensions/ext:UBLExtension/ext:ExtensionContent/efext:EformsExtension/efac:AwardCriterionParameter[efbc:ParameterCode/@listName='number-weight']/efac:FieldsPrivacy[efbc:FieldIdentifierCode/text()='awa-cri-num'] | P73: efac:FieldsPrivacy[efbc:FieldIdentifierCode/text()='awa-cri-num'] | S73: FALSE | X73: epo:NonPublishedInformation / epo:AwardCriterion | Y73: ?this epo:concernsMaskedObject ?value .
A74: 1.8 | C74: ND-LotAwardCriterionWeightNumberUnpublish | F74: =IF(C74="", "", OR( LEFT(C74,3)="ND-", LEFT(C74,4)="[ND-")) -> TRUE | G74: =IF(C74="", "", NOT(F74)) -> FALSE | H74: ND-LotAwardWeightCriterionParameter | J74: TODO | L74: MG-Notice-concernsNotice-NonPublishedInformation | M74: 6p | N74: /*/cac:ProcurementProjectLot[cbc:ID/@schemeName='Lot']/cac:TenderingTerms/cac:AwardingTerms/cac:AwardingCriterion/cac:SubordinateAwardingCriterion/ext:UBLExtensions/ext:UBLExtension/ext:ExtensionContent/efext:EformsExtension/efac:AwardCriterionParameter[efbc:ParameterCode/@listName='number-weight']/efac:FieldsPrivacy[efbc:FieldIdentifierCode/text()='awa-cri-num'] | P74: efac:FieldsPrivacy[efbc:FieldIdentifierCode/text()='awa-cri-num'] | S74: FALSE | X74: epo:NonPublishedInformation / epo:Notice | Y74: ?this epo:concernsNotice ?value .
A75: 1.8 | C75: ND-LotAwardCriterionWeightNumberUnpublish | F75: =IF(C75="", "", OR( LEFT(C75,3)="ND-", LEFT(C75,4)="[ND-")) -> TRUE | G75: =IF(C75="", "", NOT(F75)) -> FALSE | H75: ND-LotAwardWeightCriterionParameter | J75: TODO | L75: MG-AwardCriterion-specifiesProcurementCriterion-Lot | M75: 6p | N75: /*/cac:ProcurementProjectLot[cbc:ID/@schemeName='Lot']/cac:TenderingTerms/cac:AwardingTerms/cac:AwardingCriterion/cac:SubordinateAwardingCriterion/ext:UBLExtensions/ext:UBLExtension/ext:ExtensionContent/efext:EformsExtension/efac:AwardCriterionParameter[efbc:ParameterCode/@listName='number-weight']/efac:FieldsPrivacy[efbc:FieldIdentifierCode/text()='awa-cri-num'] | P75: efac:FieldsPrivacy[efbc:FieldIdentifierCode/text()='awa-cri-num'] | S75: FALSE | X75: epo:Lot / epo:AwardCriterion | Y75: ?this epo:specifiesProcurementCriterion ?value .
A76: 1.4 | B76: 1.7 | C76: BT-195(BT-541)-Lot | D76: Unpublished Identifier | E76: BT-195 | F76: =IF(C76="", "", OR( LEFT(C76,3)="ND-", LEFT(C76,4)="[ND-")) -> FALSE | G76: =IF(C76="", "", NOT(F76)) -> TRUE | I76: ND-LotAwardCriterionNumberUnpublish | J76: TODO | L76: MG-NonPublishedInformation | M76: 6p | N76: /*/cac:ProcurementProjectLot[cbc:ID/@schemeName='Lot']/cac:TenderingTerms/cac:AwardingTerms/cac:AwardingCriterion/cac:SubordinateAwardingCriterion/ext:UBLExtensions/ext:UBLExtension/ext:ExtensionContent/efext:EformsExtension/efac:AwardCriterionParameter/efac:FieldsPrivacy[efbc:FieldIdentifierCode/text()='awa-cri-num']/efbc:FieldIdentifierCode | O76: efbc:FieldIdentifierCode/text() = 'awa-cri-num' | P76: efbc:FieldIdentifierCode | T76: FALSE | U76: code | V76: IDENTIFIER | W76: non-publication-identifier | X76: epo:NonPublishedInformation | Y76: {?this epo:hasMaskableProperty <http://data.europa.eu/m8g/weight>} UNION {?this epo:hasMaskableProperty <http://data.europa.eu/a4g/ontology#hasFixedValue>} UNION {?this epo:hasMaskableProperty <http://data.europa.eu/a4g/ontology#hasThresholdValue>} | AA76: According to the mapping of the field BT-541-Lot, this can refer to one of three properties: cccev:weight, epo:hasFixedValue, or the epo:hasThresholdValue property on a cccev:Constraint linked to the epo:AwardCriterion
A77: 1.8 | C77: BT-195(BT-541)-Lot-Weight | D77: Unpublished Identifier | E77: BT-195 | F77: =IF(C77="", "", OR( LEFT(C77,3)="ND-", LEFT(C77,4)="[ND-")) -> FALSE | G77: =IF(C77="", "", NOT(F77)) -> TRUE | I77: ND-LotAwardCriterionWeightNumberUnpublish | J77: TODO | L77: MG-NonPublishedInformation | M77: 6p | N77: /*/cac:ProcurementProjectLot[cbc:ID/@schemeName='Lot']/cac:TenderingTerms/cac:AwardingTerms/cac:AwardingCriterion/cac:SubordinateAwardingCriterion/ext:UBLExtensions/ext:UBLExtension/ext:ExtensionContent/efext:EformsExtension/efac:AwardCriterionParameter[efbc:ParameterCode/@listName='number-weight']/efac:FieldsPrivacy[efbc:FieldIdentifierCode/text()='awa-cri-num']/efbc:FieldIdentifierCode | O77: efbc:FieldIdentifierCode/text() = 'awa-cri-num' | P77: efbc:FieldIdentifierCode | T77: FALSE | U77: code | V77: IDENTIFIER | W77: non-publication-identifier | X77: epo:NonPublishedInformation | Y77: ?this epo:hasMaskableProperty <http://data.europa.eu/m8g/weight> .
A78: 1.4 | B78: 1.7 | C78: BT-196(BT-541)-Lot | D78: Unpublished Justification Description | E78: BT-196 | F78: =IF(C78="", "", OR( LEFT(C78,3)="ND-", LEFT(C78,4)="[ND-")) -> FALSE | G78: =IF(C78="", "", NOT(F78)) -> TRUE | I78: ND-LotAwardCriterionNumberUnpublish | J78: TODO | L78: MG-NonPublishedInformation | M78: 6p | N78: /*/cac:ProcurementProjectLot[cbc:ID/@schemeName='Lot']/cac:TenderingTerms/cac:AwardingTerms/cac:AwardingCriterion/cac:SubordinateAwardingCriterion/ext:UBLExtensions/ext:UBLExtension/ext:ExtensionContent/efext:EformsExtension/efac:AwardCriterionParameter/efac:FieldsPrivacy[efbc:FieldIdentifierCode/text()='awa-cri-num']/efbc:ReasonDescription | P78: efbc:ReasonDescription | T78: FALSE | U78: text-multilingual | V78: TEXT | X78: epo:NonPublishedInformation / rdf:langString | Y78: ?this epo:hasConfidentialityJustification ?value .
A79: 1.8 | C79: BT-196(BT-541)-Lot-Weight | D79: Unpublished Justification Description | E79: BT-196 | F79: =IF(C79="", "", OR( LEFT(C79,3)="ND-", LEFT(C79,4)="[ND-")) -> FALSE | G79: =IF(C79="", "", NOT(F79)) -> TRUE | I79: ND-LotAwardCriterionWeightNumberUnpublish | J79: TODO | L79: MG-NonPublishedInformation | M79: 6p | N79: /*/cac:ProcurementProjectLot[cbc:ID/@schemeName='Lot']/cac:TenderingTerms/cac:AwardingTerms/cac:AwardingCriterion/cac:SubordinateAwardingCriterion/ext:UBLExtensions/ext:UBLExtension/ext:ExtensionContent/efext:EformsExtension/efac:AwardCriterionParameter[efbc:ParameterCode/@listName='number-weight']/efac:FieldsPrivacy[efbc:FieldIdentifierCode/text()='awa-cri-num']/efbc:ReasonDescription | P79: efbc:ReasonDescription | T79: FALSE | U79: text-multilingual | V79: TEXT | X79: epo:NonPublishedInformation / rdf:langString | Y79: ?this epo:hasConfidentialityJustification ?value .
A80: 1.4 | B80: 1.7 | C80: BT-197(BT-541)-Lot | D80: Unpublished Justification Code | E80: BT-197 | F80: =IF(C80="", "", OR( LEFT(C80,3)="ND-", LEFT(C80,4)="[ND-")) -> FALSE | G80: =IF(C80="", "", NOT(F80)) -> TRUE | I80: ND-LotAwardCriterionNumberUnpublish | J80: TODO | L80: MG-NonPublishedInformation | M80: 6p | N80: /*/cac:ProcurementProjectLot[cbc:ID/@schemeName='Lot']/cac:TenderingTerms/cac:AwardingTerms/cac:AwardingCriterion/cac:SubordinateAwardingCriterion/ext:UBLExtensions/ext:UBLExtension/ext:ExtensionContent/efext:EformsExtension/efac:AwardCriterionParameter/efac:FieldsPrivacy[efbc:FieldIdentifierCode/text()='awa-cri-num']/cbc:ReasonCode | P80: cbc:ReasonCode | T80: FALSE | U80: code | V80: CODE | W80: non-publication-justification | X80: epo:NonPublishedInformation / at-voc:non-publication-justification | Y80: ?this epo:hasNonPublicationJustification ?value .
A81: 1.8 | C81: BT-197(BT-541)-Lot-Weight | D81: Unpublished Justification Code | E81: BT-197 | F81: =IF(C81="", "", OR( LEFT(C81,3)="ND-", LEFT(C81,4)="[ND-")) -> FALSE | G81: =IF(C81="", "", NOT(F81)) -> TRUE | I81: ND-LotAwardCriterionWeightNumberUnpublish | J81: TODO | L81: MG-NonPublishedInformation | M81: 6p | N81: /*/cac:ProcurementProjectLot[cbc:ID/@schemeName='Lot']/cac:TenderingTerms/cac:AwardingTerms/cac:AwardingCriterion/cac:SubordinateAwardingCriterion/ext:UBLExtensions/ext:UBLExtension/ext:ExtensionContent/efext:EformsExtension/efac:AwardCriterionParameter[efbc:ParameterCode/@listName='number-weight']/efac:FieldsPrivacy[efbc:FieldIdentifierCode/text()='awa-cri-num']/cbc:ReasonCode | P81: cbc:ReasonCode | T81: FALSE | U81: code | V81: CODE | W81: non-publication-justification | X81: epo:NonPublishedInformation / at-voc:non-publication-justification | Y81: ?this epo:hasNonPublicationJustification ?value .
A82: 1.4 | B82: 1.5 | C82: BT-198(BT-541)-Lot | D82: Unpublished Accessibility Date | E82: BT-198 | F82: =IF(C82="", "", OR( LEFT(C82,3)="ND-", LEFT(C82,4)="[ND-")) -> FALSE | G82: =IF(C82="", "", NOT(F82)) -> TRUE | I82: ND-LotAwardCriterionNumberUnpublish | J82: TODO | L82: MG-NonPublishedInformation | M82: 6p | N82: /*/cac:ProcurementProjectLot[cbc:ID/@schemeName='Lot']/cac:TenderingTerms/cac:AwardingTerms/cac:AwardingCriterion/cac:SubordinateAwardingCriterion/ext:UBLExtensions/ext:UBLExtension/ext:ExtensionContent/efext:EformsExtension/efac:AwardCriterionParameter/efac:FieldsPrivacy[efbc:FieldIdentifierCode/text()='awa-cri-num']/efbc:PublicationDate | P82: efbc:PublicationDate | T82: FALSE | U82: date | V82: DATE | X82: epo:NonPublishedInformation / xsd:date | Y82: ?this epo:hasAccessibilityDate ?value .
A83: 1.6 | B83: 1.7 | C83: BT-198(BT-541)-Lot | D83: Unpublished Access Date | E83: BT-198 | F83: =IF(C83="", "", OR( LEFT(C83,3)="ND-", LEFT(C83,4)="[ND-")) -> FALSE | G83: =IF(C83="", "", NOT(F83)) -> TRUE | I83: ND-LotAwardCriterionNumberUnpublish | J83: TODO | L83: MG-NonPublishedInformation | M83: 6p | N83: /*/cac:ProcurementProjectLot[cbc:ID/@schemeName='Lot']/cac:TenderingTerms/cac:AwardingTerms/cac:AwardingCriterion/cac:SubordinateAwardingCriterion/ext:UBLExtensions/ext:UBLExtension/ext:ExtensionContent/efext:EformsExtension/efac:AwardCriterionParameter/efac:FieldsPrivacy[efbc:FieldIdentifierCode/text()='awa-cri-num']/efbc:PublicationDate | P83: efbc:PublicationDate | T83: FALSE | U83: date | V83: DATE | X83: epo:NonPublishedInformation / xsd:date | Y83: ?this epo:hasAccessibilityDate ?value .
A84: 1.8 | C84: BT-198(BT-541)-Lot-Weight | D84: Unpublished Access Date | E84: BT-198 | F84: =IF(C84="", "", OR( LEFT(C84,3)="ND-", LEFT(C84,4)="[ND-")) -> FALSE | G84: =IF(C84="", "", NOT(F84)) -> TRUE | I84: ND-LotAwardCriterionWeightNumberUnpublish | J84: TODO | L84: MG-NonPublishedInformation | M84: 6p | N84: /*/cac:ProcurementProjectLot[cbc:ID/@schemeName='Lot']/cac:TenderingTerms/cac:AwardingTerms/cac:AwardingCriterion/cac:SubordinateAwardingCriterion/ext:UBLExtensions/ext:UBLExtension/ext:ExtensionContent/efext:EformsExtension/efac:AwardCriterionParameter[efbc:ParameterCode/@listName='number-weight']/efac:FieldsPrivacy[efbc:FieldIdentifierCode/text()='awa-cri-num']/efbc:PublicationDate | P84: efbc:PublicationDate | T84: FALSE | U84: date | V84: DATE | X84: epo:NonPublishedInformation / xsd:date | Y84: ?this epo:hasAccessibilityDate ?value .
A85: 1.4 | B85: 1.7 | C85: ND-LotAwardCriterionNumberWeightUnpublish | F85: =IF(C85="", "", OR( LEFT(C85,3)="ND-", LEFT(C85,4)="[ND-")) -> TRUE | G85: =IF(C85="", "", NOT(F85)) -> FALSE | H85: ND-LotAwardCriterionParameters | J85: TODO | L85: MG-AwardCriterion-concernsMaskedObject-NonPublishedInformation | M85: 6p | N85: /*/cac:ProcurementProjectLot[cbc:ID/@schemeName='Lot']/cac:TenderingTerms/cac:AwardingTerms/cac:AwardingCriterion/cac:SubordinateAwardingCriterion/ext:UBLExtensions/ext:UBLExtension/ext:ExtensionContent/efext:EformsExtension/efac:AwardCriterionParameter[efbc:ParameterCode/@listName='number-weight']/efac:FieldsPrivacy[efbc:FieldIdentifierCode/text()='awa-cri-wei'] | P85: efac:AwardCriterionParameter[efbc:ParameterCode/@listName='number-weight']/efac:FieldsPrivacy[efbc:FieldIdentifierCode/text()='awa-cri-wei'] | S85: FALSE | X85: epo:NonPublishedInformation / epo:AwardCriterion | Y85: ?this epo:concernsMaskedObject ?value .
A86: 1.4 | B86: 1.7 | C86: ND-LotAwardCriterionNumberWeightUnpublish | F86: =IF(C86="", "", OR( LEFT(C86,3)="ND-", LEFT(C86,4)="[ND-")) -> TRUE | G86: =IF(C86="", "", NOT(F86)) -> FALSE | H86: ND-LotAwardCriterionParameters | J86: TODO | L86: MG-Notice-concernsNotice-NonPublishedInformation | M86: 6p | N86: /*/cac:ProcurementProjectLot[cbc:ID/@schemeName='Lot']/cac:TenderingTerms/cac:AwardingTerms/cac:AwardingCriterion/cac:SubordinateAwardingCriterion/ext:UBLExtensions/ext:UBLExtension/ext:ExtensionContent/efext:EformsExtension/efac:AwardCriterionParameter[efbc:ParameterCode/@listName='number-weight']/efac:FieldsPrivacy[efbc:FieldIdentifierCode/text()='awa-cri-wei'] | P86: efac:AwardCriterionParameter[efbc:ParameterCode/@listName='number-weight']/efac:FieldsPrivacy[efbc:FieldIdentifierCode/text()='awa-cri-wei'] | S86: FALSE | X86: epo:NonPublishedInformation / epo:Notice | Y86: ?this epo:concernsNotice ?value .
A87: 1.4 | B87: 1.7 | C87: ND-LotAwardCriterionNumberWeightUnpublish | F87: =IF(C87="", "", OR( LEFT(C87,3)="ND-", LEFT(C87,4)="[ND-")) -> TRUE | G87: =IF(C87="", "", NOT(F87)) -> FALSE | H87: ND-LotAwardCriterionParameters | J87: TODO | L87: MG-AwardCriterion-specifiesProcurementCriterion-Lot | M87: 6p | N87: /*/cac:ProcurementProjectLot[cbc:ID/@schemeName='Lot']/cac:TenderingTerms/cac:AwardingTerms/cac:AwardingCriterion/cac:SubordinateAwardingCriterion/ext:UBLExtensions/ext:UBLExtension/ext:ExtensionContent/efext:EformsExtension/efac:AwardCriterionParameter[efbc:ParameterCode/@listName='number-weight']/efac:FieldsPrivacy[efbc:FieldIdentifierCode/text()='awa-cri-wei'] | P87: efac:AwardCriterionParameter[efbc:ParameterCode/@listName='number-weight']/efac:FieldsPrivacy[efbc:FieldIdentifierCode/text()='awa-cri-wei'] | S87: FALSE | X87: epo:Lot / epo:AwardCriterion | Y87: ?this epo:specifiesProcurementCriterion ?value . | Z87: This mapping should be already fulfilled by the mapping of the masked field.
A88: 1.8 | C88: ND-LotAwardCriterionNumberWeightUnpublish | F88: =IF(C88="", "", OR( LEFT(C88,3)="ND-", LEFT(C88,4)="[ND-")) -> TRUE | G88: =IF(C88="", "", NOT(F88)) -> FALSE | H88: ND-LotAwardWeightCriterionParameter | J88: TODO | L88: MG-AwardCriterion-concernsMaskedObject-NonPublishedInformation | M88: 6p | N88: /*/cac:ProcurementProjectLot[cbc:ID/@schemeName='Lot']/cac:TenderingTerms/cac:AwardingTerms/cac:AwardingCriterion/cac:SubordinateAwardingCriterion/ext:UBLExtensions/ext:UBLExtension/ext:ExtensionContent/efext:EformsExtension/efac:AwardCriterionParameter[efbc:ParameterCode/@listName='number-weight']/efac:FieldsPrivacy[efbc:FieldIdentifierCode/text()='awa-cri-wei'] | P88: efac:FieldsPrivacy[efbc:FieldIdentifierCode/text()='awa-cri-wei'] | S88: FALSE | X88: epo:NonPublishedInformation / epo:AwardCriterion | Y88: ?this epo:concernsMaskedObject ?value .
A89: 1.8 | C89: ND-LotAwardCriterionNumberWeightUnpublish | F89: =IF(C89="", "", OR( LEFT(C89,3)="ND-", LEFT(C89,4)="[ND-")) -> TRUE | G89: =IF(C89="", "", NOT(F89)) -> FALSE | H89: ND-LotAwardWeightCriterionParameter | J89: TODO | L89: MG-Notice-concernsNotice-NonPublishedInformation | M89: 6p | N89: /*/cac:ProcurementProjectLot[cbc:ID/@schemeName='Lot']/cac:TenderingTerms/cac:AwardingTerms/cac:AwardingCriterion/cac:SubordinateAwardingCriterion/ext:UBLExtensions/ext:UBLExtension/ext:ExtensionContent/efext:EformsExtension/efac:AwardCriterionParameter[efbc:ParameterCode/@listName='number-weight']/efac:FieldsPrivacy[efbc:FieldIdentifierCode/text()='awa-cri-wei'] | P89: efac:FieldsPrivacy[efbc:FieldIdentifierCode/text()='awa-cri-wei'] | S89: FALSE | X89: epo:NonPublishedInformation / epo:Notice | Y89: ?this epo:concernsNotice ?value .
A90: 1.8 | C90: ND-LotAwardCriterionNumberWeightUnpublish | F90: =IF(C90="", "", OR( LEFT(C90,3)="ND-", LEFT(C90,4)="[ND-")) -> TRUE | G90: =IF(C90="", "", NOT(F90)) -> FALSE | H90: ND-LotAwardWeightCriterionParameter | J90: TODO | L90: MG-AwardCriterion-specifiesProcurementCriterion-Lot | M90: 6p | N90: /*/cac:ProcurementProjectLot[cbc:ID/@schemeName='Lot']/cac:TenderingTerms/cac:AwardingTerms/cac:AwardingCriterion/cac:SubordinateAwardingCriterion/ext:UBLExtensions/ext:UBLExtension/ext:ExtensionContent/efext:EformsExtension/efac:AwardCriterionParameter[efbc:ParameterCode/@listName='number-weight']/efac:FieldsPrivacy[efbc:FieldIdentifierCode/text()='awa-cri-wei'] | P90: efac:FieldsPrivacy[efbc:FieldIdentifierCode/text()='awa-cri-wei'] | S90: FALSE | X90: epo:Lot / epo:AwardCriterion | Y90: ?this epo:specifiesProcurementCriterion ?value . | Z90: This mapping should be already fulfilled by the mapping of the masked field.
A91: 1.4 | C91: BT-195(BT-5421)-Lot | D91: Unpublished Identifier | E91: BT-195 | F91: =IF(C91="", "", OR( LEFT(C91,3)="ND-", LEFT(C91,4)="[ND-")) -> FALSE | G91: =IF(C91="", "", NOT(F91)) -> TRUE | I91: ND-LotAwardCriterionNumberWeightUnpublish | J91: TODO | L91: MG-NonPublishedInformation | M91: 6p | N91: /*/cac:ProcurementProjectLot[cbc:ID/@schemeName='Lot']/cac:TenderingTerms/cac:AwardingTerms/cac:AwardingCriterion/cac:SubordinateAwardingCriterion/ext:UBLExtensions/ext:UBLExtension/ext:ExtensionContent/efext:EformsExtension/efac:AwardCriterionParameter[efbc:ParameterCode/@listName='number-weight']/efac:FieldsPrivacy[efbc:FieldIdentifierCode/text()='awa-cri-wei']/efbc:FieldIdentifierCode | O91: efbc:FieldIdentifierCode/text() = 'awa-cri-wei' | P91: efbc:FieldIdentifierCode | T91: FALSE | U91: code | V91: IDENTIFIER | W91: non-publication-identifier | X91: epo:NonPublishedInformation | Y91: ?this epo:hasMaskableProperty <http://data.europa.eu/a4g/ontology#hasWeightValueType> .
A92: 1.4 | C92: BT-196(BT-5421)-Lot | D92: Unpublished Justification Description | E92: BT-196 | F92: =IF(C92="", "", OR( LEFT(C92,3)="ND-", LEFT(C92,4)="[ND-")) -> FALSE | G92: =IF(C92="", "", NOT(F92)) -> TRUE | I92: ND-LotAwardCriterionNumberWeightUnpublish | J92: TODO | L92: MG-NonPublishedInformation | M92: 6p | N92: /*/cac:ProcurementProjectLot[cbc:ID/@schemeName='Lot']/cac:TenderingTerms/cac:AwardingTerms/cac:AwardingCriterion/cac:SubordinateAwardingCriterion/ext:UBLExtensions/ext:UBLExtension/ext:ExtensionContent/efext:EformsExtension/efac:AwardCriterionParameter[efbc:ParameterCode/@listName='number-weight']/efac:FieldsPrivacy[efbc:FieldIdentifierCode/text()='awa-cri-wei']/efbc:ReasonDescription | P92: efbc:ReasonDescription | T92: FALSE | U92: text-multilingual | V92: TEXT | X92: epo:NonPublishedInformation / rdf:langString | Y92: ?this epo:hasConfidentialityJustification ?value .
A93: 1.4 | C93: BT-197(BT-5421)-Lot | D93: Unpublished Justification Code | E93: BT-197 | F93: =IF(C93="", "", OR( LEFT(C93,3)="ND-", LEFT(C93,4)="[ND-")) -> FALSE | G93: =IF(C93="", "", NOT(F93)) -> TRUE | I93: ND-LotAwardCriterionNumberWeightUnpublish | J93: TODO | L93: MG-NonPublishedInformation | M93: 6p | N93: /*/cac:ProcurementProjectLot[cbc:ID/@schemeName='Lot']/cac:TenderingTerms/cac:AwardingTerms/cac:AwardingCriterion/cac:SubordinateAwardingCriterion/ext:UBLExtensions/ext:UBLExtension/ext:ExtensionContent/efext:EformsExtension/efac:AwardCriterionParameter[efbc:ParameterCode/@listName='number-weight']/efac:FieldsPrivacy[efbc:FieldIdentifierCode/text()='awa-cri-wei']/cbc:ReasonCode | P93: cbc:ReasonCode | T93: FALSE | U93: code | V93: CODE | W93: non-publication-justification | X93: epo:NonPublishedInformation / at-voc:non-publication-justification | Y93: ?this epo:hasNonPublicationJustification ?value .
A94: 1.4 | B94: 1.5 | C94: BT-198(BT-5421)-Lot | D94: Unpublished Accessibility Date | E94: BT-198 | F94: =IF(C94="", "", OR( LEFT(C94,3)="ND-", LEFT(C94,4)="[ND-")) -> FALSE | G94: =IF(C94="", "", NOT(F94)) -> TRUE | I94: ND-LotAwardCriterionNumberWeightUnpublish | J94: TODO | L94: MG-NonPublishedInformation | M94: 6p | N94: /*/cac:ProcurementProjectLot[cbc:ID/@schemeName='Lot']/cac:TenderingTerms/cac:AwardingTerms/cac:AwardingCriterion/cac:SubordinateAwardingCriterion/ext:UBLExtensions/ext:UBLExtension/ext:ExtensionContent/efext:EformsExtension/efac:AwardCriterionParameter[efbc:ParameterCode/@listName='number-weight']/efac:FieldsPrivacy[efbc:FieldIdentifierCode/text()='awa-cri-wei']/efbc:PublicationDate | P94: efbc:PublicationDate | T94: FALSE | U94: date | V94: DATE | X94: epo:NonPublishedInformation / xsd:date | Y94: ?this epo:hasAccessibilityDate ?value .
A95: 1.6 | C95: BT-198(BT-5421)-Lot | D95: Unpublished Access Date | E95: BT-198 | F95: =IF(C95="", "", OR( LEFT(C95,3)="ND-", LEFT(C95,4)="[ND-")) -> FALSE | G95: =IF(C95="", "", NOT(F95)) -> TRUE | I95: ND-LotAwardCriterionNumberWeightUnpublish | J95: TODO | L95: MG-NonPublishedInformation | M95: 6p | N95: /*/cac:ProcurementProjectLot[cbc:ID/@schemeName='Lot']/cac:TenderingTerms/cac:AwardingTerms/cac:AwardingCriterion/cac:SubordinateAwardingCriterion/ext:UBLExtensions/ext:UBLExtension/ext:ExtensionContent/efext:EformsExtension/efac:AwardCriterionParameter[efbc:ParameterCode/@listName='number-weight']/efac:FieldsPrivacy[efbc:FieldIdentifierCode/text()='awa-cri-wei']/efbc:PublicationDate | P95: efbc:PublicationDate | T95: FALSE | U95: date | V95: DATE | X95: epo:NonPublishedInformation / xsd:date | Y95: ?this epo:hasAccessibilityDate ?value .
A96: 1.8 | C96: ND-LotAwardCriterionFixNumberUnpublish | F96: =IF(C96="", "", OR( LEFT(C96,3)="ND-", LEFT(C96,4)="[ND-")) -> TRUE | G96: =IF(C96="", "", NOT(F96)) -> FALSE | H96: ND-LotAwardFixedCriterionParameter | J96: TODO | L96: MG-AwardCriterion-concernsMaskedObject-NonPublishedInformation | M96: 6p | N96: /*/cac:ProcurementProjectLot[cbc:ID/@schemeName='Lot']/cac:TenderingTerms/cac:AwardingTerms/cac:AwardingCriterion/cac:SubordinateAwardingCriterion/ext:UBLExtensions/ext:UBLExtension/ext:ExtensionContent/efext:EformsExtension/efac:AwardCriterionParameter[efbc:ParameterCode/@listName='number-fixed']/efac:FieldsPrivacy[efbc:FieldIdentifierCode/text()='awa-cri-num'] | P96: efac:FieldsPrivacy[efbc:FieldIdentifierCode/text()='awa-cri-num'] | S96: FALSE | X96: epo:NonPublishedInformation / epo:AwardCriterion | Y96: ?this epo:concernsMaskedObject ?value .
A97: 1.8 | C97: ND-LotAwardCriterionFixNumberUnpublish | F97: =IF(C97="", "", OR( LEFT(C97,3)="ND-", LEFT(C97,4)="[ND-")) -> TRUE | G97: =IF(C97="", "", NOT(F97)) -> FALSE | H97: ND-LotAwardFixedCriterionParameter | J97: TODO | L97: MG-Notice-concernsNotice-NonPublishedInformation | M97: 6p | N97: /*/cac:ProcurementProjectLot[cbc:ID/@schemeName='Lot']/cac:TenderingTerms/cac:AwardingTerms/cac:AwardingCriterion/cac:SubordinateAwardingCriterion/ext:UBLExtensions/ext:UBLExtension/ext:ExtensionContent/efext:EformsExtension/efac:AwardCriterionParameter[efbc:ParameterCode/@listName='number-fixed']/efac:FieldsPrivacy[efbc:FieldIdentifierCode/text()='awa-cri-num'] | P97: efac:FieldsPrivacy[efbc:FieldIdentifierCode/text()='awa-cri-num'] | S97: FALSE | X97: epo:NonPublishedInformation / epo:Notice | Y97: ?this epo:concernsNotice ?value .
A98: 1.8 | C98: ND-LotAwardCriterionFixNumberUnpublish | F98: =IF(C98="", "", OR( LEFT(C98,3)="ND-", LEFT(C98,4)="[ND-")) -> TRUE | G98: =IF(C98="", "", NOT(F98)) -> FALSE | H98: ND-LotAwardFixedCriterionParameter | J98: TODO | L98: MG-AwardCriterion-specifiesProcurementCriterion-Lot | M98: 6p | N98: /*/cac:ProcurementProjectLot[cbc:ID/@schemeName='Lot']/cac:TenderingTerms/cac:AwardingTerms/cac:AwardingCriterion/cac:SubordinateAwardingCriterion/ext:UBLExtensions/ext:UBLExtension/ext:ExtensionContent/efext:EformsExtension/efac:AwardCriterionParameter[efbc:ParameterCode/@listName='number-fixed']/efac:FieldsPrivacy[efbc:FieldIdentifierCode/text()='awa-cri-num'] | P98: efac:FieldsPrivacy[efbc:FieldIdentifierCode/text()='awa-cri-num'] | S98: FALSE | X98: epo:Lot / epo:AwardCriterion | Y98: ?this epo:specifiesProcurementCriterion ?value .
A99: 1.8 | C99: BT-195(BT-541)-Lot-Fixed | D99: Unpublished Identifier | E99: BT-195 | F99: =IF(C99="", "", OR( LEFT(C99,3)="ND-", LEFT(C99,4)="[ND-")) -> FALSE | G99: =IF(C99="", "", NOT(F99)) -> TRUE | I99: ND-LotAwardCriterionFixNumberUnpublish | J99: TODO | L99: MG-NonPublishedInformation | M99: 6p | N99: /*/cac:ProcurementProjectLot[cbc:ID/@schemeName='Lot']/cac:TenderingTerms/cac:AwardingTerms/cac:AwardingCriterion/cac:SubordinateAwardingCriterion/ext:UBLExtensions/ext:UBLExtension/ext:ExtensionContent/efext:EformsExtension/efac:AwardCriterionParameter[efbc:ParameterCode/@listName='number-fixed']/efac:FieldsPrivacy[efbc:FieldIdentifierCode/text()='awa-cri-num']/efbc:FieldIdentifierCode | O99: efbc:FieldIdentifierCode/text() = 'awa-cri-num' | P99: efbc:FieldIdentifierCode | T99: FALSE | U99: code | V99: IDENTIFIER | W99: non-publication-identifier | X99: epo:NonPublishedInformation | Y99: ?this epo:hasMaskableProperty <http://data.europa.eu/a4g/ontology#hasFixedValue> .
A100: 1.8 | C100: BT-196(BT-541)-Lot-Fixed | D100: Unpublished Justification Description | E100: BT-196 | F100: =IF(C100="", "", OR( LEFT(C100,3)="ND-", LEFT(C100,4)="[ND-")) -> FALSE | G100: =IF(C100="", "", NOT(F100)) -> TRUE | I100: ND-LotAwardCriterionFixNumberUnpublish | J100: TODO | L100: MG-NonPublishedInformation | M100: 6p | N100: /*/cac:ProcurementProjectLot[cbc:ID/@schemeName='Lot']/cac:TenderingTerms/cac:AwardingTerms/cac:AwardingCriterion/cac:SubordinateAwardingCriterion/ext:UBLExtensions/ext:UBLExtension/ext:ExtensionContent/efext:EformsExtension/efac:AwardCriterionParameter[efbc:ParameterCode/@listName='number-fixed']/efac:FieldsPrivacy[efbc:FieldIdentifierCode/text()='awa-cri-num']/efbc:ReasonDescription | P100: efbc:ReasonDescription | T100: FALSE | U100: text-multilingual | V100: TEXT | X100: epo:NonPublishedInformation / rdf:langString | Y100: ?this epo:hasConfidentialityJustification ?value .
...

Sheet TMInput
A1: File Name | B1: TriplesMap Name | C1: TriplesMap Label | D1: TriplesMap Subject Label | E1: Iterator | F1: Subject Condition | G1: Min SDK | H1: Max SDK | I1: Versioned TM | J1: MG Masked Object | K1: Node of Masked Object | L1: POM Masked Object Label | M1: POM Masked Object Comment | N1: TriplesMap Masked Object | O1: simplified Relative XPath | P1: joinCondition child | Q1: POM BT-195 Label | R1: POM BT-195 Comment | S1: POM BT-195 Condition | T1: POM BT-195 Value | U1: POM BT-197 Label | V1: POM BT-197 Comment | W1: POM BT-198 Label | X1: POM BT-198 Comment | Y1: BT-196 TriplesMap Name | Z1: BT-196 TriplesMap Iterator | AA1: POM BT-196 Label | AB1: POM BT-196 Comment | AC1: POM BT-196 Language Label | AD1: POM BT-196 Language Comment
A2: =IF(B2="---",B2, IF(D2="", "", D2 & (IF($I2, "_v" & IF($G2="", "1.3", $G2) & IF($H2="", "+", "-" & $H2), "") & ".rml.ttl"))) -> ND-ProcedureFeaturesUnpublish.rml.ttl | B2: =IF(MasterCMCopy!$X2="","---", "tedm:" & IF(LEFT(MasterCMCopy!$C2, 3)="ND-", IF(LEFT(MasterCMCopy!$C6, 3)="ND-", MasterCMCopy!$L8, MasterCMCopy!$L6) & "-" & MasterCMCopy!$C2, MasterCMCopy!$L2 & "-" & MasterCMCopy!$I2)) -> tedm:MG-NonPublishedInformation-ND-ProcedureFeaturesUnpublish | C2: =IF(AND(LEFT(MasterCMCopy!$C2,6)="BT-195", OR(LEFT(MasterCMCopy!$C1,3)="ND-",$B2<>$B1)),MasterCMCopy!$L2,"") | D2: =IF(AND(LEFT(MasterCMCopy!$C2,3)="ND-", OR(MasterCMCopy!$N2<>MasterCMCopy!$N1, MasterCMCopy!$P2<>MasterCMCopy!$P1)),MasterCMCopy!$C2,"") -> ND-ProcedureFeaturesUnpublish | E2: =IF(AND(LEFT(MasterCMCopy!$C2,3)="ND-", OR(MasterCMCopy!$N2<>MasterCMCopy!$N1, MasterCMCopy!$P2<>MasterCMCopy!$P1)),MasterCMCopy!$N2,"") -> /*/cac:TenderingProcess/ext:UBLExtensions/ext:UBLExtension/ext:ExtensionContent/efext:EformsExtension/efac:FieldsPrivacy[efbc:FieldIdentifierCode/text()='pro-fea'] | F2: =IFERROR(__xludf.DUMMYFUNCTION("IF($E2="""", """", REGEXEXTRACT($E2,""efbc:FieldIdentifierCode[^\]]+""))"),"efbc:FieldIdentifierCode/text()='pro-fea'") -> efbc:FieldIdentifierCode/text()='pro-fea' | G2: =MasterCMCopy!A2 -> 1.4 | H2: =MasterCMCopy!B2 | J2: =IF(LEFT(MasterCMCopy!$C2,3)="ND-", IF(LEFT(MasterCMCopy!$X2,10)<>"epo:NonPub", MasterCMCopy!$L2, IF(RIGHT(MasterCMCopy!$X2,13)="epo:Procedure", "MG-Procedure", "")), "") -> MG-Procedure | K2: =IF($J2="", "", IF($J2="MG-Procedure", "ND-Root", MasterCMCopy!$H2)) -> ND-Root | L2: =IF($J2="", "", MasterCMCopy!$C2 & " (concernsMaskedObject)") -> ND-ProcedureFeaturesUnpublish (concernsMaskedObject) | M2: =IFERROR(__xludf.DUMMYFUNCTION("IF($J2="""", """", ""Connection from NonPublishedInformation to "" & REGEXEXTRACT(MasterCMCopy!$X2, "".*:(.*)"") & "" under "" & $J2 & ""_"" & $K2)"),"Connection from NonPublishedInformation to Procedure under MG-Procedure_ND-Root") -> Connection from NonPublishedInformation to Procedure under MG-Procedure_ND-Root | N2: =IF($J2="", "", "tedm:" & $J2 & "_" & $K2) -> tedm:MG-Procedure_ND-Root | O2: =IFERROR(__xludf.DUMMYFUNCTION("IF($J2="""", """", IF($J2=""MG-Procedure"", """", REGEXREPLACE(MasterCMCopy!$P2,""\[[^\]]+\]"","""")))"),"") | P2: =IFERROR(__xludf.DUMMYFUNCTION("REGEXREPLACE($O2,""[^/]+"","".."")"),"") | Q2: =IF(AND(LEFT(MasterCMCopy!$C2,6)="BT-195", OR(MasterCMCopy!$O2<>MasterCMCopy!$O1,$G2<>$G1,$H2<>$H1)),MasterCMCopy!$C2,"") | R2: =IF(AND(LEFT(MasterCMCopy!$C2,6)="BT-195", OR(MasterCMCopy!$O2<>MasterCMCopy!$O1,$G2<>$G1,$H2<>$H1)), "The field " & MasterCMCopy!$C2 & ", " & MasterCMCopy!$D2 & ", specifies information to generate the URI of the masked property","") | S2: =IF(AND(LEFT(MasterCMCopy!$C2,6)="BT-195", OR(MasterCMCopy!$O2<>MasterCMCopy!$O1,$G2<>$G1,$H2<>$H1)),MasterCMCopy!$O2,"") | T2: =IFERROR(__xludf.DUMMYFUNCTION("IF(AND(LEFT(MasterCMCopy!$C2,6)=""BT-195"", MasterCMCopy!$O2<>MasterCMCopy!$O1),IFNA(REGEXEXTRACT(MasterCMCopy!$Y2,""<(.*)>""),""UNKNOWN""),"""")"),"") | U2: =IF(AND(LEFT(MasterCMCopy!$C2,6)="BT-197", MasterCMCopy!$C2<>MasterCMCopy!$C1),MasterCMCopy!$C2,"") | V2: =IF(AND(LEFT(MasterCMCopy!$C2,6)="BT-197", MasterCMCopy!$C2<>MasterCMCopy!$C1), "In " & MasterCMCopy!$C2 & ", " & MasterCMCopy!$D2 & ", we link to the at-voc:non-publication-justification controlled list","") | W2: =IF(AND(LEFT(MasterCMCopy!$C2,6)="BT-198", MasterCMCopy!$C2<>MasterCMCopy!$C1),MasterCMCopy!$C2,"") | X2: =IF(AND(LEFT(MasterCMCopy!$C2,6)="BT-198", MasterCMCopy!$C2<>MasterCMCopy!$C1), MasterCMCopy!$D2 & IF(AND(MasterCMCopy!$C2=MasterCMCopy!$C3, MasterCMCopy!$D2<>MasterCMCopy!$D3), (" (" & MasterCMCopy!$D3 & " below SDK 1.6)"), ""),"") | Y2: =REPLACE($B2, 1, LEN("tedm:MG"), "tedm:MG-langString-hasConfidentialityJustification-") -> tedm:MG-langString-hasConfidentialityJustification--NonPublishedInformation-ND-ProcedureFeaturesUnpublish | Z2: =IF($E2="", "", $E2 & "/efbc:ReasonDescription") -> /*/cac:TenderingProcess/ext:UBLExtensions/ext:UBLExtension/ext:ExtensionContent/efext:EformsExtension/efac:FieldsPrivacy[efbc:FieldIdentifierCode/text()='pro-fea']/efbc:ReasonDescription | AA2: =IF(AND(LEFT(MasterCMCopy!$C2,6)="BT-196", MasterCMCopy!$C2<>MasterCMCopy!$C1),MasterCMCopy!$C2,"") | AB2: =IF(AND(LEFT(MasterCMCopy!$C2,6)="BT-196", MasterCMCopy!$C2<>MasterCMCopy!$C1), MasterCMCopy!$D2 & " of " & MasterCMCopy!$L2 & " under " & MasterCMCopy!$I2,"") | AC2: =IF($AA2="", "", $AA2 & "-Language") | AD2: =IF($AB2="", "", "Language of " & $AB2)
A3: =IF(B3="---",B3, IF(D3="", "", D3 & (IF($I3, "_v" & IF($G3="", "1.3", $G3) & IF($H3="", "+", "-" & $H3), "") & ".rml.ttl"))) | B3: =IF(MasterCMCopy!$X3="","---", "tedm:" & IF(LEFT(MasterCMCopy!$C3, 3)="ND-", IF(LEFT(MasterCMCopy!$C7, 3)="ND-", MasterCMCopy!$L9, MasterCMCopy!$L7) & "-" & MasterCMCopy!$C3, MasterCMCopy!$L3 & "-" & MasterCMCopy!$I3)) -> tedm:MG-NonPublishedInformation-ND-ProcedureFeaturesUnpublish | C3: =IF(AND(LEFT(MasterCMCopy!$C3,6)="BT-195", OR(LEFT(MasterCMCopy!$C2,3)="ND-",$B3<>$B2)),MasterCMCopy!$L3,"") | D3: =IF(AND(LEFT(MasterCMCopy!$C3,3)="ND-", OR(MasterCMCopy!$N3<>MasterCMCopy!$N2, MasterCMCopy!$P3<>MasterCMCopy!$P2)),MasterCMCopy!$C3,"") | E3: =IF(AND(LEFT(MasterCMCopy!$C3,3)="ND-", OR(MasterCMCopy!$N3<>MasterCMCopy!$N2, MasterCMCopy!$P3<>MasterCMCopy!$P2)),MasterCMCopy!$N3,"") | F3: =IFERROR(__xludf.DUMMYFUNCTION("IF($E3="""", """", REGEXEXTRACT($E3,""efbc:FieldIdentifierCode[^\]]+""))"),"") | G3: =MasterCMCopy!A3 -> 1.4 | H3: =MasterCMCopy!B3 | J3: =IF(LEFT(MasterCMCopy!$C3,3)="ND-", IF(LEFT(MasterCMCopy!$X3,10)<>"epo:NonPub", MasterCMCopy!$L3, IF(RIGHT(MasterCMCopy!$X3,13)="epo:Procedure", "MG-Procedure", "")), "") | K3: =IF(J3="", "", IF(J3="MG-Procedure", "ND-Root", MasterCMCopy!H3)) | L3: =IF($J3="", "", MasterCMCopy!$C3 & " (concernsMaskedObject)") | M3: =IFERROR(__xludf.DUMMYFUNCTION("IF($J3="""", """", ""Connection from NonPublishedInformation to "" & REGEXEXTRACT(MasterCMCopy!$X3, "".*:(.*)"") & "" under "" & $J3 & ""_"" & $K3)"),"") | N3: =IF(J3="", "", "tedm:" & J3 & "_" & K3) | O3: =IFERROR(__xludf.DUMMYFUNCTION("IF($J3="""", """", IF($J3=""MG-Procedure"", """", REGEXREPLACE(MasterCMCopy!$P3,""\[[^\]]+\]"","""")))"),"") | P3: =IFERROR(__xludf.DUMMYFUNCTION("REGEXREPLACE($O3,""[^/]+"","".."")"),"") | Q3: =IF(AND(LEFT(MasterCMCopy!$C3,6)="BT-195", OR(MasterCMCopy!$O3<>MasterCMCopy!$O2,$G3<>$G2,$H3<>$H2)),MasterCMCopy!$C3,"") | R3: =IF(AND(LEFT(MasterCMCopy!$C3,6)="BT-195", OR(MasterCMCopy!$O3<>MasterCMCopy!$O2,$G3<>$G2,$H3<>$H2)), "The field " & MasterCMCopy!$C3 & ", " & MasterCMCopy!$D3 & ", specifies information to generate the URI of the masked property","") | S3: =IF(AND(LEFT(MasterCMCopy!$C3,6)="BT-195", OR(MasterCMCopy!$O3<>MasterCMCopy!$O2,$G3<>$G2,$H3<>$H2)),MasterCMCopy!$O3,"") | T3: =IFERROR(__xludf.DUMMYFUNCTION("IF(AND(LEFT(MasterCMCopy!$C3,6)=""BT-195"", MasterCMCopy!$O3<>MasterCMCopy!$O2),IFNA(REGEXEXTRACT(MasterCMCopy!$Y3,""<(.*)>""),""UNKNOWN""),"""")"),"") | U3: =IF(AND(LEFT(MasterCMCopy!$C3,6)="BT-197", MasterCMCopy!$C3<>MasterCMCopy!$C2),MasterCMCopy!$C3,"") | V3: =IF(AND(LEFT(MasterCMCopy!$C3,6)="BT-197", MasterCMCopy!$C3<>MasterCMCopy!$C2), "In " & MasterCMCopy!$C3 & ", " & MasterCMCopy!$D3 & ", we link to the at-voc:non-publication-justification controlled list","") | W3: =IF(AND(LEFT(MasterCMCopy!$C3,6)="BT-198", MasterCMCopy!$C3<>MasterCMCopy!$C2),MasterCMCopy!$C3,"") | X3: =IF(AND(LEFT(MasterCMCopy!$C3,6)="BT-198", MasterCMCopy!$C3<>MasterCMCopy!$C2), MasterCMCopy!$D3 & IF(AND(MasterCMCopy!$C3=MasterCMCopy!$C4, MasterCMCopy!$D3<>MasterCMCopy!$D4), (" (" & MasterCMCopy!$D4 & " below SDK 1.6)"), ""),"") | Y3: =REPLACE($B3, 1, LEN("tedm:MG"), "tedm:MG-langString-hasConfidentialityJustification-") -> tedm:MG-langString-hasConfidentialityJustification--NonPublishedInformation-ND-ProcedureFeaturesUnpublish | Z3: =IF($E3="", "", $E3 & "/efbc:ReasonDescription") | AA3: =IF(AND(LEFT(MasterCMCopy!$C3,6)="BT-196", MasterCMCopy!$C3<>MasterCMCopy!$C2),MasterCMCopy!$C3,"") | AB3: =IF(AND(LEFT(MasterCMCopy!$C3,6)="BT-196", MasterCMCopy!$C3<>MasterCMCopy!$C2), MasterCMCopy!$D3 & " of " & MasterCMCopy!$L3 & " under " & MasterCMCopy!$I3,"") | AC3: =IF($AA3="", "", $AA3 & "-Language") | AD3: =IF($AB3="", "", "Language of " & $AB3)
A4: =IF(B4="---",B4, IF(D4="", "", D4 & (IF($I4, "_v" & IF($G4="", "1.3", $G4) & IF($H4="", "+", "-" & $H4), "") & ".rml.ttl"))) | B4: =IF(MasterCMCopy!$X4="","---", "tedm:" & IF(LEFT(MasterCMCopy!$C4, 3)="ND-", IF(LEFT(MasterCMCopy!$C8, 3)="ND-", MasterCMCopy!$L10, MasterCMCopy!$L8) & "-" & MasterCMCopy!$C4, MasterCMCopy!$L4 & "-" & MasterCMCopy!$I4)) -> tedm:MG-NonPublishedInformation-ND-ProcedureFeaturesUnpublish | C4: =IF(AND(LEFT(MasterCMCopy!$C4,6)="BT-195", OR(LEFT(MasterCMCopy!$C3,3)="ND-",$B4<>$B3)),MasterCMCopy!$L4,"") -> MG-NonPublishedInformation | D4: =IF(AND(LEFT(MasterCMCopy!$C4,3)="ND-", OR(MasterCMCopy!$N4<>MasterCMCopy!$N3, MasterCMCopy!$P4<>MasterCMCopy!$P3)),MasterCMCopy!$C4,"") | E4: =IF(AND(LEFT(MasterCMCopy!$C4,3)="ND-", OR(MasterCMCopy!$N4<>MasterCMCopy!$N3, MasterCMCopy!$P4<>MasterCMCopy!$P3)),MasterCMCopy!$N4,"") | F4: =IFERROR(__xludf.DUMMYFUNCTION("IF($E4="""", """", REGEXEXTRACT($E4,""efbc:FieldIdentifierCode[^\]]+""))"),"") | G4: =MasterCMCopy!A4 -> 1.4 | H4: =MasterCMCopy!B4 | J4: =IF(LEFT(MasterCMCopy!$C4,3)="ND-", IF(LEFT(MasterCMCopy!$X4,10)<>"epo:NonPub", MasterCMCopy!$L4, IF(RIGHT(MasterCMCopy!$X4,13)="epo:Procedure", "MG-Procedure", "")), "") | K4: =IF(J4="", "", IF(J4="MG-Procedure", "ND-Root", MasterCMCopy!H4)) | L4: =IF($J4="", "", MasterCMCopy!$C4 & " (concernsMaskedObject)") | M4: =IFERROR(__xludf.DUMMYFUNCTION("IF($J4="""", """", ""Connection from NonPublishedInformation to "" & REGEXEXTRACT(MasterCMCopy!$X4, "".*:(.*)"") & "" under "" & $J4 & ""_"" & $K4)"),"") | N4: =IF(J4="", "", "tedm:" & J4 & "_" & K4) | O4: =IFERROR(__xludf.DUMMYFUNCTION("IF($J4="""", """", IF($J4=""MG-Procedure"", """", REGEXREPLACE(MasterCMCopy!$P4,""\[[^\]]+\]"","""")))"),"") | P4: =IFERROR(__xludf.DUMMYFUNCTION("REGEXREPLACE($O4,""[^/]+"","".."")"),"") | Q4: =IF(AND(LEFT(MasterCMCopy!$C4,6)="BT-195", OR(MasterCMCopy!$O4<>MasterCMCopy!$O3,$G4<>$G3,$H4<>$H3)),MasterCMCopy!$C4,"") -> BT-195(BT-88)-Procedure | R4: =IF(AND(LEFT(MasterCMCopy!$C4,6)="BT-195", OR(MasterCMCopy!$O4<>MasterCMCopy!$O3,$G4<>$G3,$H4<>$H3)), "The field " & MasterCMCopy!$C4 & ", " & MasterCMCopy!$D4 & ", specifies information to generate the URI of the masked property","") -> The field BT-195(BT-88)-Procedure, Unpublished Identifier, specifies information to generate the URI of the masked property | S4: =IF(AND(LEFT(MasterCMCopy!$C4,6)="BT-195", OR(MasterCMCopy!$O4<>MasterCMCopy!$O3,$G4<>$G3,$H4<>$H3)),MasterCMCopy!$O4,"") -> efbc:FieldIdentifierCode/text() = 'pro-fea' | T4: =IFERROR(__xludf.DUMMYFUNCTION("IF(AND(LEFT(MasterCMCopy!$C4,6)=""BT-195"", MasterCMCopy!$O4<>MasterCMCopy!$O3),IFNA(REGEXEXTRACT(MasterCMCopy!$Y4,""<(.*)>""),""UNKNOWN""),"""")"),"http://data.europa.eu/a4g/ontology#hasMainFeature") -> http://data.europa.eu/a4g/ontology#hasMainFeature | U4: =IF(AND(LEFT(MasterCMCopy!$C4,6)="BT-197", MasterCMCopy!$C4<>MasterCMCopy!$C3),MasterCMCopy!$C4,"") | V4: =IF(AND(LEFT(MasterCMCopy!$C4,6)="BT-197", MasterCMCopy!$C4<>MasterCMCopy!$C3), "In " & MasterCMCopy!$C4 & ", " & MasterCMCopy!$D4 & ", we link to the at-voc:non-publication-justification controlled list","") | W4: =IF(AND(LEFT(MasterCMCopy!$C4,6)="BT-198", MasterCMCopy!$C4<>MasterCMCopy!$C3),MasterCMCopy!$C4,"") | X4: =IF(AND(LEFT(MasterCMCopy!$C4,6)="BT-198", MasterCMCopy!$C4<>MasterCMCopy!$C3), MasterCMCopy!$D4 & IF(AND(MasterCMCopy!$C4=MasterCMCopy!$C5, MasterCMCopy!$D4<>MasterCMCopy!$D5), (" (" & MasterCMCopy!$D5 & " below SDK 1.6)"), ""),"") | Y4: =REPLACE($B4, 1, LEN("tedm:MG"), "tedm:MG-langString-hasConfidentialityJustification-") -> tedm:MG-langString-hasConfidentialityJustification--NonPublishedInformation-ND-ProcedureFeaturesUnpublish | Z4: =IF($E4="", "", $E4 & "/efbc:ReasonDescription") | AA4: =IF(AND(LEFT(MasterCMCopy!$C4,6)="BT-196", MasterCMCopy!$C4<>MasterCMCopy!$C3),MasterCMCopy!$C4,"") | AB4: =IF(AND(LEFT(MasterCMCopy!$C4,6)="BT-196", MasterCMCopy!$C4<>MasterCMCopy!$C3), MasterCMCopy!$D4 & " of " & MasterCMCopy!$L4 & " under " & MasterCMCopy!$I4,"") | AC4: =IF($AA4="", "", $AA4 & "-Language") | AD4: =IF($AB4="", "", "Language of " & $AB4)
A5: =IF(B5="---",B5, IF(D5="", "", D5 & (IF($I5, "_v" & IF($G5="", "1.3", $G5) & IF($H5="", "+", "-" & $H5), "") & ".rml.ttl"))) | B5: =IF(MasterCMCopy!$X5="","---", "tedm:" & IF(LEFT(MasterCMCopy!$C5, 3)="ND-", IF(LEFT(MasterCMCopy!$C9, 3)="ND-", MasterCMCopy!$L11, MasterCMCopy!$L9) & "-" & MasterCMCopy!$C5, MasterCMCopy!$L5 & "-" & MasterCMCopy!$I5)) -> tedm:MG-NonPublishedInformation-ND-ProcedureFeaturesUnpublish | C5: =IF(AND(LEFT(MasterCMCopy!$C5,6)="BT-195", OR(LEFT(MasterCMCopy!$C4,3)="ND-",$B5<>$B4)),MasterCMCopy!$L5,"") | D5: =IF(AND(LEFT(MasterCMCopy!$C5,3)="ND-", OR(MasterCMCopy!$N5<>MasterCMCopy!$N4, MasterCMCopy!$P5<>MasterCMCopy!$P4)),MasterCMCopy!$C5,"") | E5: =IF(AND(LEFT(MasterCMCopy!$C5,3)="ND-", OR(MasterCMCopy!$N5<>MasterCMCopy!$N4, MasterCMCopy!$P5<>MasterCMCopy!$P4)),MasterCMCopy!$N5,"") | F5: =IFERROR(__xludf.DUMMYFUNCTION("IF($E5="""", """", REGEXEXTRACT($E5,""efbc:FieldIdentifierCode[^\]]+""))"),"") | G5: =MasterCMCopy!A5 -> 1.4 | H5: =MasterCMCopy!B5 | J5: =IF(LEFT(MasterCMCopy!$C5,3)="ND-", IF(LEFT(MasterCMCopy!$X5,10)<>"epo:NonPub", MasterCMCopy!$L5, IF(RIGHT(MasterCMCopy!$X5,13)="epo:Procedure", "MG-Procedure", "")), "") | K5: =IF(J5="", "", IF(J5="MG-Procedure", "ND-Root", MasterCMCopy!H5)) | L5: =IF($J5="", "", MasterCMCopy!$C5 & " (concernsMaskedObject)") | M5: =IFERROR(__xludf.DUMMYFUNCTION("IF($J5="""", """", ""Connection from NonPublishedInformation to "" & REGEXEXTRACT(MasterCMCopy!$X5, "".*:(.*)"") & "" under "" & $J5 & ""_"" & $K5)"),"") | N5: =IF(J5="", "", "tedm:" & J5 & "_" & K5) | O5: =IFERROR(__xludf.DUMMYFUNCTION("IF($J5="""", """", IF($J5=""MG-Procedure"", """", REGEXREPLACE(MasterCMCopy!$P5,""\[[^\]]+\]"","""")))"),"") | P5: =IFERROR(__xludf.DUMMYFUNCTION("REGEXREPLACE($O5,""[^/]+"","".."")"),"") | Q5: =IF(AND(LEFT(MasterCMCopy!$C5,6)="BT-195", OR(MasterCMCopy!$O5<>MasterCMCopy!$O4,$G5<>$G4,$H5<>$H4)),MasterCMCopy!$C5,"") | R5: =IF(AND(LEFT(MasterCMCopy!$C5,6)="BT-195", OR(MasterCMCopy!$O5<>MasterCMCopy!$O4,$G5<>$G4,$H5<>$H4)), "The field " & MasterCMCopy!$C5 & ", " & MasterCMCopy!$D5 & ", specifies information to generate the URI of the masked property","") | S5: =IF(AND(LEFT(MasterCMCopy!$C5,6)="BT-195", OR(MasterCMCopy!$O5<>MasterCMCopy!$O4,$G5<>$G4,$H5<>$H4)),MasterCMCopy!$O5,"") | T5: =IFERROR(__xludf.DUMMYFUNCTION("IF(AND(LEFT(MasterCMCopy!$C5,6)=""BT-195"", MasterCMCopy!$O5<>MasterCMCopy!$O4),IFNA(REGEXEXTRACT(MasterCMCopy!$Y5,""<(.*)>""),""UNKNOWN""),"""")"),"") | U5: =IF(AND(LEFT(MasterCMCopy!$C5,6)="BT-197", MasterCMCopy!$C5<>MasterCMCopy!$C4),MasterCMCopy!$C5,"") | V5: =IF(AND(LEFT(MasterCMCopy!$C5,6)="BT-197", MasterCMCopy!$C5<>MasterCMCopy!$C4), "In " & MasterCMCopy!$C5 & ", " & MasterCMCopy!$D5 & ", we link to the at-voc:non-publication-justification controlled list","") | W5: =IF(AND(LEFT(MasterCMCopy!$C5,6)="BT-198", MasterCMCopy!$C5<>MasterCMCopy!$C4),MasterCMCopy!$C5,"") | X5: =IF(AND(LEFT(MasterCMCopy!$C5,6)="BT-198", MasterCMCopy!$C5<>MasterCMCopy!$C4), MasterCMCopy!$D5 & IF(AND(MasterCMCopy!$C5=MasterCMCopy!$C6, MasterCMCopy!$D5<>MasterCMCopy!$D6), (" (" & MasterCMCopy!$D6 & " below SDK 1.6)"), ""),"") | Y5: =REPLACE($B5, 1, LEN("tedm:MG"), "tedm:MG-langString-hasConfidentialityJustification-") -> tedm:MG-langString-hasConfidentialityJustification--NonPublishedInformation-ND-ProcedureFeaturesUnpublish | Z5: =IF($E5="", "", $E5 & "/efbc:ReasonDescription") | AA5: =IF(AND(LEFT(MasterCMCopy!$C5,6)="BT-196", MasterCMCopy!$C5<>MasterCMCopy!$C4),MasterCMCopy!$C5,"") -> BT-196(BT-88)-Procedure | AB5: =IF(AND(LEFT(MasterCMCopy!$C5,6)="BT-196", MasterCMCopy!$C5<>MasterCMCopy!$C4), MasterCMCopy!$D5 & " of " & MasterCMCopy!$L5 & " under " & MasterCMCopy!$I5,"") -> Unpublished Justification Description of MG-NonPublishedInformation under ND-ProcedureFeaturesUnpublish | AC5: =IF($AA5="", "", $AA5 & "-Language") -> BT-196(BT-88)-Procedure-Language | AD5: =IF($AB5="", "", "Language of " & $AB5) -> Language of Unpublished Justification Description of MG-NonPublishedInformation under ND-ProcedureFeaturesUnpublish
A6: =IF(B6="---",B6, IF(D6="", "", D6 & (IF($I6, "_v" & IF($G6="", "1.3", $G6) & IF($H6="", "+", "-" & $H6), "") & ".rml.ttl"))) | B6: =IF(MasterCMCopy!$X6="","---", "tedm:" & IF(LEFT(MasterCMCopy!$C6, 3)="ND-", IF(LEFT(MasterCMCopy!$C10, 3)="ND-", MasterCMCopy!$L12, MasterCMCopy!$L10) & "-" & MasterCMCopy!$C6, MasterCMCopy!$L6 & "-" & MasterCMCopy!$I6)) -> tedm:MG-NonPublishedInformation-ND-ProcedureFeaturesUnpublish | C6: =IF(AND(LEFT(MasterCMCopy!$C6,6)="BT-195", OR(LEFT(MasterCMCopy!$C5,3)="ND-",$B6<>$B5)),MasterCMCopy!$L6,"") | D6: =IF(AND(LEFT(MasterCMCopy!$C6,3)="ND-", OR(MasterCMCopy!$N6<>MasterCMCopy!$N5, MasterCMCopy!$P6<>MasterCMCopy!$P5)),MasterCMCopy!$C6,"") | E6: =IF(AND(LEFT(MasterCMCopy!$C6,3)="ND-", OR(MasterCMCopy!$N6<>MasterCMCopy!$N5, MasterCMCopy!$P6<>MasterCMCopy!$P5)),MasterCMCopy!$N6,"") | F6: =IFERROR(__xludf.DUMMYFUNCTION("IF($E6="""", """", REGEXEXTRACT($E6,""efbc:FieldIdentifierCode[^\]]+""))"),"") | G6: =MasterCMCopy!A6 -> 1.4 | H6: =MasterCMCopy!B6 | J6: =IF(LEFT(MasterCMCopy!$C6,3)="ND-", IF(LEFT(MasterCMCopy!$X6,10)<>"epo:NonPub", MasterCMCopy!$L6, IF(RIGHT(MasterCMCopy!$X6,13)="epo:Procedure", "MG-Procedure", "")), "") | K6: =IF(J6="", "", IF(J6="MG-Procedure", "ND-Root", MasterCMCopy!H6)) | L6: =IF($J6="", "", MasterCMCopy!$C6 & " (concernsMaskedObject)") | M6: =IFERROR(__xludf.DUMMYFUNCTION("IF($J6="""", """", ""Connection from NonPublishedInformation to "" & REGEXEXTRACT(MasterCMCopy!$X6, "".*:(.*)"") & "" under "" & $J6 & ""_"" & $K6)"),"") | N6: =IF(J6="", "", "tedm:" & J6 & "_" & K6) | O6: =IFERROR(__xludf.DUMMYFUNCTION("IF($J6="""", """", IF($J6=""MG-Procedure"", """", REGEXREPLACE(MasterCMCopy!$P6,""\[[^\]]+\]"","""")))"),"") | P6: =IFERROR(__xludf.DUMMYFUNCTION("REGEXREPLACE($O6,""[^/]+"","".."")"),"") | Q6: =IF(AND(LEFT(MasterCMCopy!$C6,6)="BT-195", OR(MasterCMCopy!$O6<>MasterCMCopy!$O5,$G6<>$G5,$H6<>$H5)),MasterCMCopy!$C6,"") | R6: =IF(AND(LEFT(MasterCMCopy!$C6,6)="BT-195", OR(MasterCMCopy!$O6<>MasterCMCopy!$O5,$G6<>$G5,$H6<>$H5)), "The field " & MasterCMCopy!$C6 & ", " & MasterCMCopy!$D6 & ", specifies information to generate the URI of the masked property","") | S6: =IF(AND(LEFT(MasterCMCopy!$C6,6)="BT-195", OR(MasterCMCopy!$O6<>MasterCMCopy!$O5,$G6<>$G5,$H6<>$H5)),MasterCMCopy!$O6,"") | T6: =IFERROR(__xludf.DUMMYFUNCTION("IF(AND(LEFT(MasterCMCopy!$C6,6)=""BT-195"", MasterCMCopy!$O6<>MasterCMCopy!$O5),IFNA(REGEXEXTRACT(MasterCMCopy!$Y6,""<(.*)>""),""UNKNOWN""),"""")"),"") | U6: =IF(AND(LEFT(MasterCMCopy!$C6,6)="BT-197", MasterCMCopy!$C6<>MasterCMCopy!$C5),MasterCMCopy!$C6,"") -> BT-197(BT-88)-Procedure | V6: =IF(AND(LEFT(MasterCMCopy!$C6,6)="BT-197", MasterCMCopy!$C6<>MasterCMCopy!$C5), "In " & MasterCMCopy!$C6 & ", " & MasterCMCopy!$D6 & ", we link to the at-voc:non-publication-justification controlled list","") -> In BT-197(BT-88)-Procedure, Unpublished Justification Code, we link to the at-voc:non-publication-justification controlled list | W6: =IF(AND(LEFT(MasterCMCopy!$C6,6)="BT-198", MasterCMCopy!$C6<>MasterCMCopy!$C5),MasterCMCopy!$C6,"") | X6: =IF(AND(LEFT(MasterCMCopy!$C6,6)="BT-198", MasterCMCopy!$C6<>MasterCMCopy!$C5), MasterCMCopy!$D6 & IF(AND(MasterCMCopy!$C6=MasterCMCopy!$C7, MasterCMCopy!$D6<>MasterCMCopy!$D7), (" (" & MasterCMCopy!$D7 & " below SDK 1.6)"), ""),"") | Y6: =REPLACE($B6, 1, LEN("tedm:MG"), "tedm:MG-langString-hasConfidentialityJustification-") -> tedm:MG-langString-hasConfidentialityJustification--NonPublishedInformation-ND-ProcedureFeaturesUnpublish | Z6: =IF($E6="", "", $E6 & "/efbc:ReasonDescription") | AA6: =IF(AND(LEFT(MasterCMCopy!$C6,6)="BT-196", MasterCMCopy!$C6<>MasterCMCopy!$C5),MasterCMCopy!$C6,"") | AB6: =IF(AND(LEFT(MasterCMCopy!$C6,6)="BT-196", MasterCMCopy!$C6<>MasterCMCopy!$C5), MasterCMCopy!$D6 & " of " & MasterCMCopy!$L6 & " under " & MasterCMCopy!$I6,"") | AC6: =IF($AA6="", "", $AA6 & "-Language") | AD6: =IF($AB6="", "", "Language of " & $AB6)
A7: =IF(B7="---",B7, IF(D7="", "", D7 & (IF($I7, "_v" & IF($G7="", "1.3", $G7) & IF($H7="", "+", "-" & $H7), "") & ".rml.ttl"))) | B7: =IF(MasterCMCopy!$X7="","---", "tedm:" & IF(LEFT(MasterCMCopy!$C7, 3)="ND-", IF(LEFT(MasterCMCopy!$C11, 3)="ND-", MasterCMCopy!$L13, MasterCMCopy!$L11) & "-" & MasterCMCopy!$C7, MasterCMCopy!$L7 & "-" & MasterCMCopy!$I7)) -> tedm:MG-NonPublishedInformation-ND-ProcedureFeaturesUnpublish | C7: =IF(AND(LEFT(MasterCMCopy!$C7,6)="BT-195", OR(LEFT(MasterCMCopy!$C6,3)="ND-",$B7<>$B6)),MasterCMCopy!$L7,"") | D7: =IF(AND(LEFT(MasterCMCopy!$C7,3)="ND-", OR(MasterCMCopy!$N7<>MasterCMCopy!$N6, MasterCMCopy!$P7<>MasterCMCopy!$P6)),MasterCMCopy!$C7,"") | E7: =IF(AND(LEFT(MasterCMCopy!$C7,3)="ND-", OR(MasterCMCopy!$N7<>MasterCMCopy!$N6, MasterCMCopy!$P7<>MasterCMCopy!$P6)),MasterCMCopy!$N7,"") | F7: =IFERROR(__xludf.DUMMYFUNCTION("IF($E7="""", """", REGEXEXTRACT($E7,""efbc:FieldIdentifierCode[^\]]+""))"),"") | G7: =MasterCMCopy!A7 -> 1.4 | H7: =MasterCMCopy!B7 -> 1.5 | J7: =IF(LEFT(MasterCMCopy!$C7,3)="ND-", IF(LEFT(MasterCMCopy!$X7,10)<>"epo:NonPub", MasterCMCopy!$L7, IF(RIGHT(MasterCMCopy!$X7,13)="epo:Procedure", "MG-Procedure", "")), "") | K7: =IF(J7="", "", IF(J7="MG-Procedure", "ND-Root", MasterCMCopy!H7)) | L7: =IF($J7="", "", MasterCMCopy!$C7 & " (concernsMaskedObject)") | M7: =IFERROR(__xludf.DUMMYFUNCTION("IF($J7="""", """", ""Connection from NonPublishedInformation to "" & REGEXEXTRACT(MasterCMCopy!$X7, "".*:(.*)"") & "" under "" & $J7 & ""_"" & $K7)"),"") | N7: =IF(J7="", "", "tedm:" & J7 & "_" & K7) | O7: =IFERROR(__xludf.DUMMYFUNCTION("IF($J7="""", """", IF($J7=""MG-Procedure"", """", REGEXREPLACE(MasterCMCopy!$P7,""\[[^\]]+\]"","""")))"),"") | P7: =IFERROR(__xludf.DUMMYFUNCTION("REGEXREPLACE($O7,""[^/]+"","".."")"),"") | Q7: =IF(AND(LEFT(MasterCMCopy!$C7,6)="BT-195", OR(MasterCMCopy!$O7<>MasterCMCopy!$O6,$G7<>$G6,$H7<>$H6)),MasterCMCopy!$C7,"") | R7: =IF(AND(LEFT(MasterCMCopy!$C7,6)="BT-195", OR(MasterCMCopy!$O7<>MasterCMCopy!$O6,$G7<>$G6,$H7<>$H6)), "The field " & MasterCMCopy!$C7 & ", " & MasterCMCopy!$D7 & ", specifies information to generate the URI of the masked property","") | S7: =IF(AND(LEFT(MasterCMCopy!$C7,6)="BT-195", OR(MasterCMCopy!$O7<>MasterCMCopy!$O6,$G7<>$G6,$H7<>$H6)),MasterCMCopy!$O7,"") | T7: =IFERROR(__xludf.DUMMYFUNCTION("IF(AND(LEFT(MasterCMCopy!$C7,6)=""BT-195"", MasterCMCopy!$O7<>MasterCMCopy!$O6),IFNA(REGEXEXTRACT(MasterCMCopy!$Y7,""<(.*)>""),""UNKNOWN""),"""")"),"") | U7: =IF(AND(LEFT(MasterCMCopy!$C7,6)="BT-197", MasterCMCopy!$C7<>MasterCMCopy!$C6),MasterCMCopy!$C7,"") | V7: =IF(AND(LEFT(MasterCMCopy!$C7,6)="BT-197", MasterCMCopy!$C7<>MasterCMCopy!$C6), "In " & MasterCMCopy!$C7 & ", " & MasterCMCopy!$D7 & ", we link to the at-voc:non-publication-justification controlled list","") | W7: =IF(AND(LEFT(MasterCMCopy!$C7,6)="BT-198", MasterCMCopy!$C7<>MasterCMCopy!$C6),MasterCMCopy!$C7,"") -> BT-198(BT-88)-Procedure | X7: =IF(AND(LEFT(MasterCMCopy!$C7,6)="BT-198", MasterCMCopy!$C7<>MasterCMCopy!$C6), MasterCMCopy!$D7 & IF(AND(MasterCMCopy!$C7=MasterCMCopy!$C8, MasterCMCopy!$D7<>MasterCMCopy!$D8), (" (" & MasterCMCopy!$D8 & " below SDK 1.6)"), ""),"") -> Unpublished Accessibility Date (Unpublished Access Date below SDK 1.6) | Y7: =REPLACE($B7, 1, LEN("tedm:MG"), "tedm:MG-langString-hasConfidentialityJustification-") -> tedm:MG-langString-hasConfidentialityJustification--NonPublishedInformation-ND-ProcedureFeaturesUnpublish | Z7: =IF($E7="", "", $E7 & "/efbc:ReasonDescription") | AA7: =IF(AND(LEFT(MasterCMCopy!$C7,6)="BT-196", MasterCMCopy!$C7<>MasterCMCopy!$C6),MasterCMCopy!$C7,"") | AB7: =IF(AND(LEFT(MasterCMCopy!$C7,6)="BT-196", MasterCMCopy!$C7<>MasterCMCopy!$C6), MasterCMCopy!$D7 & " of " & MasterCMCopy!$L7 & " under " & MasterCMCopy!$I7,"") | AC7: =IF($AA7="", "", $AA7 & "-Language") | AD7: =IF($AB7="", "", "Language of " & $AB7)
A8: =IF(B8="---",B8, IF(D8="", "", D8 & (IF($I8, "_v" & IF($G8="", "1.3", $G8) & IF($H8="", "+", "-" & $H8), "") & ".rml.ttl"))) | B8: =IF(MasterCMCopy!$X8="","---", "tedm:" & IF(LEFT(MasterCMCopy!$C8, 3)="ND-", IF(LEFT(MasterCMCopy!$C12, 3)="ND-", MasterCMCopy!$L14, MasterCMCopy!$L12) & "-" & MasterCMCopy!$C8, MasterCMCopy!$L8 & "-" & MasterCMCopy!$I8)) -> tedm:MG-NonPublishedInformation-ND-ProcedureFeaturesUnpublish | C8: =IF(AND(LEFT(MasterCMCopy!$C8,6)="BT-195", OR(LEFT(MasterCMCopy!$C7,3)="ND-",$B8<>$B7)),MasterCMCopy!$L8,"") | D8: =IF(AND(LEFT(MasterCMCopy!$C8,3)="ND-", OR(MasterCMCopy!$N8<>MasterCMCopy!$N7, MasterCMCopy!$P8<>MasterCMCopy!$P7)),MasterCMCopy!$C8,"") | E8: =IF(AND(LEFT(MasterCMCopy!$C8,3)="ND-", OR(MasterCMCopy!$N8<>MasterCMCopy!$N7, MasterCMCopy!$P8<>MasterCMCopy!$P7)),MasterCMCopy!$N8,"") | F8: =IFERROR(__xludf.DUMMYFUNCTION("IF($E8="""", """", REGEXEXTRACT($E8,""efbc:FieldIdentifierCode[^\]]+""))"),"") | G8: =MasterCMCopy!A8 -> 1.6 | H8: =MasterCMCopy!B8 | J8: =IF(LEFT(MasterCMCopy!$C8,3)="ND-", IF(LEFT(MasterCMCopy!$X8,10)<>"epo:NonPub", MasterCMCopy!$L8, IF(RIGHT(MasterCMCopy!$X8,13)="epo:Procedure", "MG-Procedure", "")), "") | K8: =IF(J8="", "", IF(J8="MG-Procedure", "ND-Root", MasterCMCopy!H8)) | L8: =IF($J8="", "", MasterCMCopy!$C8 & " (concernsMaskedObject)") | M8: =IFERROR(__xludf.DUMMYFUNCTION("IF($J8="""", """", ""Connection from NonPublishedInformation to "" & REGEXEXTRACT(MasterCMCopy!$X8, "".*:(.*)"") & "" under "" & $J8 & ""_"" & $K8)"),"") | N8: =IF(J8="", "", "tedm:" & J8 & "_" & K8) | O8: =IFERROR(__xludf.DUMMYFUNCTION("IF($J8="""", """", IF($J8=""MG-Procedure"", """", REGEXREPLACE(MasterCMCopy!$P8,""\[[^\]]+\]"","""")))"),"") | P8: =IFERROR(__xludf.DUMMYFUNCTION("REGEXREPLACE($O8,""[^/]+"","".."")"),"") | Q8: =IF(AND(LEFT(MasterCMCopy!$C8,6)="BT-195", OR(MasterCMCopy!$O8<>MasterCMCopy!$O7,$G8<>$G7,$H8<>$H7)),MasterCMCopy!$C8,"") | R8: =IF(AND(LEFT(MasterCMCopy!$C8,6)="BT-195", OR(MasterCMCopy!$O8<>MasterCMCopy!$O7,$G8<>$G7,$H8<>$H7)), "The field " & MasterCMCopy!$C8 & ", " & MasterCMCopy!$D8 & ", specifies information to generate the URI of the masked property","") | S8: =IF(AND(LEFT(MasterCMCopy!$C8,6)="BT-195", OR(MasterCMCopy!$O8<>MasterCMCopy!$O7,$G8<>$G7,$H8<>$H7)),MasterCMCopy!$O8,"") | T8: =IFERROR(__xludf.DUMMYFUNCTION("IF(AND(LEFT(MasterCMCopy!$C8,6)=""BT-195"", MasterCMCopy!$O8<>MasterCMCopy!$O7),IFNA(REGEXEXTRACT(MasterCMCopy!$Y8,""<(.*)>""),""UNKNOWN""),"""")"),"") | U8: =IF(AND(LEFT(MasterCMCopy!$C8,6)="BT-197", MasterCMCopy!$C8<>MasterCMCopy!$C7),MasterCMCopy!$C8,"") | V8: =IF(AND(LEFT(MasterCMCopy!$C8,6)="BT-197", MasterCMCopy!$C8<>MasterCMCopy!$C7), "In " & MasterCMCopy!$C8 & ", " & MasterCMCopy!$D8 & ", we link to the at-voc:non-publication-justification controlled list","") | W8: =IF(AND(LEFT(MasterCMCopy!$C8,6)="BT-198", MasterCMCopy!$C8<>MasterCMCopy!$C7),MasterCMCopy!$C8,"") | X8: =IF(AND(LEFT(MasterCMCopy!$C8,6)="BT-198", MasterCMCopy!$C8<>MasterCMCopy!$C7), MasterCMCopy!$D8 & IF(AND(MasterCMCopy!$C8=MasterCMCopy!$C9, MasterCMCopy!$D8<>MasterCMCopy!$D9), (" (" & MasterCMCopy!$D9 & " below SDK 1.6)"), ""),"") | Y8: =REPLACE($B8, 1, LEN("tedm:MG"), "tedm:MG-langString-hasConfidentialityJustification-") -> tedm:MG-langString-hasConfidentialityJustification--NonPublishedInformation-ND-ProcedureFeaturesUnpublish | Z8: =IF($E8="", "", $E8 & "/efbc:ReasonDescription") | AA8: =IF(AND(LEFT(MasterCMCopy!$C8,6)="BT-196", MasterCMCopy!$C8<>MasterCMCopy!$C7),MasterCMCopy!$C8,"") | AB8: =IF(AND(LEFT(MasterCMCopy!$C8,6)="BT-196", MasterCMCopy!$C8<>MasterCMCopy!$C7), MasterCMCopy!$D8 & " of " & MasterCMCopy!$L8 & " under " & MasterCMCopy!$I8,"") | AC8: =IF($AA8="", "", $AA8 & "-Language") | AD8: =IF($AB8="", "", "Language of " & $AB8)
A9: =IF(B9="---",B9, IF(D9="", "", D9 & (IF($I9, "_v" & IF($G9="", "1.3", $G9) & IF($H9="", "+", "-" & $H9), "") & ".rml.ttl"))) -> ND-ProcedureTypeUnpublish.rml.ttl | B9: =IF(MasterCMCopy!$X9="","---", "tedm:" & IF(LEFT(MasterCMCopy!$C9, 3)="ND-", IF(LEFT(MasterCMCopy!$C13, 3)="ND-", MasterCMCopy!$L15, MasterCMCopy!$L13) & "-" & MasterCMCopy!$C9, MasterCMCopy!$L9 & "-" & MasterCMCopy!$I9)) -> tedm:MG-NonPublishedInformation-ND-ProcedureTypeUnpublish | C9: =IF(AND(LEFT(MasterCMCopy!$C9,6)="BT-195", OR(LEFT(MasterCMCopy!$C8,3)="ND-",$B9<>$B8)),MasterCMCopy!$L9,"") | D9: =IF(AND(LEFT(MasterCMCopy!$C9,3)="ND-", OR(MasterCMCopy!$N9<>MasterCMCopy!$N8, MasterCMCopy!$P9<>MasterCMCopy!$P8)),MasterCMCopy!$C9,"") -> ND-ProcedureTypeUnpublish | E9: =IF(AND(LEFT(MasterCMCopy!$C9,3)="ND-", OR(MasterCMCopy!$N9<>MasterCMCopy!$N8, MasterCMCopy!$P9<>MasterCMCopy!$P8)),MasterCMCopy!$N9,"") -> /*/cac:TenderingProcess/ext:UBLExtensions/ext:UBLExtension/ext:ExtensionContent/efext:EformsExtension/efac:FieldsPrivacy[efbc:FieldIdentifierCode/text()='pro-typ'] | F9: =IFERROR(__xludf.DUMMYFUNCTION("IF($E9="""", """", REGEXEXTRACT($E9,""efbc:FieldIdentifierCode[^\]]+""))"),"efbc:FieldIdentifierCode/text()='pro-typ'") -> efbc:FieldIdentifierCode/text()='pro-typ' | G9: =MasterCMCopy!A9 -> 1.4 | H9: =MasterCMCopy!B9 | J9: =IF(LEFT(MasterCMCopy!$C9,3)="ND-", IF(LEFT(MasterCMCopy!$X9,10)<>"epo:NonPub", MasterCMCopy!$L9, IF(RIGHT(MasterCMCopy!$X9,13)="epo:Procedure", "MG-Procedure", "")), "") -> MG-Procedure | K9: =IF(J9="", "", IF(J9="MG-Procedure", "ND-Root", MasterCMCopy!H9)) -> ND-Root | L9: =IF($J9="", "", MasterCMCopy!$C9 & " (concernsMaskedObject)") -> ND-ProcedureTypeUnpublish (concernsMaskedObject) | M9: =IFERROR(__xludf.DUMMYFUNCTION("IF($J9="""", """", ""Connection from NonPublishedInformation to "" & REGEXEXTRACT(MasterCMCopy!$X9, "".*:(.*)"") & "" under "" & $J9 & ""_"" & $K9)"),"Connection from NonPublishedInformation to Procedure under MG-Procedure_ND-Root") -> Connection from NonPublishedInformation to Procedure under MG-Procedure_ND-Root | N9: =IF(J9="", "", "tedm:" & J9 & "_" & K9) -> tedm:MG-Procedure_ND-Root | O9: =IFERROR(__xludf.DUMMYFUNCTION("IF($J9="""", """", IF($J9=""MG-Procedure"", """", REGEXREPLACE(MasterCMCopy!$P9,""\[[^\]]+\]"","""")))"),"") | P9: =IFERROR(__xludf.DUMMYFUNCTION("REGEXREPLACE($O9,""[^/]+"","".."")"),"") | Q9: =IF(AND(LEFT(MasterCMCopy!$C9,6)="BT-195", OR(MasterCMCopy!$O9<>MasterCMCopy!$O8,$G9<>$G8,$H9<>$H8)),MasterCMCopy!$C9,"") | R9: =IF(AND(LEFT(MasterCMCopy!$C9,6)="BT-195", OR(MasterCMCopy!$O9<>MasterCMCopy!$O8,$G9<>$G8,$H9<>$H8)), "The field " & MasterCMCopy!$C9 & ", " & MasterCMCopy!$D9 & ", specifies information to generate the URI of the masked property","") | S9: =IF(AND(LEFT(MasterCMCopy!$C9,6)="BT-195", OR(MasterCMCopy!$O9<>MasterCMCopy!$O8,$G9<>$G8,$H9<>$H8)),MasterCMCopy!$O9,"") | T9: =IFERROR(__xludf.DUMMYFUNCTION("IF(AND(LEFT(MasterCMCopy!$C9,6)=""BT-195"", MasterCMCopy!$O9<>MasterCMCopy!$O8),IFNA(REGEXEXTRACT(MasterCMCopy!$Y9,""<(.*)>""),""UNKNOWN""),"""")"),"") | U9: =IF(AND(LEFT(MasterCMCopy!$C9,6)="BT-197", MasterCMCopy!$C9<>MasterCMCopy!$C8),MasterCMCopy!$C9,"") | V9: =IF(AND(LEFT(MasterCMCopy!$C9,6)="BT-197", MasterCMCopy!$C9<>MasterCMCopy!$C8), "In " & MasterCMCopy!$C9 & ", " & MasterCMCopy!$D9 & ", we link to the at-voc:non-publication-justification controlled list","") | W9: =IF(AND(LEFT(MasterCMCopy!$C9,6)="BT-198", MasterCMCopy!$C9<>MasterCMCopy!$C8),MasterCMCopy!$C9,"") | X9: =IF(AND(LEFT(MasterCMCopy!$C9,6)="BT-198", MasterCMCopy!$C9<>MasterCMCopy!$C8), MasterCMCopy!$D9 & IF(AND(MasterCMCopy!$C9=MasterCMCopy!$C10, MasterCMCopy!$D9<>MasterCMCopy!$D10), (" (" & MasterCMCopy!$D10 & " below SDK 1.6)"), ""),"") | Y9: =REPLACE($B9, 1, LEN("tedm:MG"), "tedm:MG-langString-hasConfidentialityJustification-") -> tedm:MG-langString-hasConfidentialityJustification--NonPublishedInformation-ND-ProcedureTypeUnpublish | Z9: =IF($E9="", "", $E9 & "/efbc:ReasonDescription") -> /*/cac:TenderingProcess/ext:UBLExtensions/ext:UBLExtension/ext:ExtensionContent/efext:EformsExtension/efac:FieldsPrivacy[efbc:FieldIdentifierCode/text()='pro-typ']/efbc:ReasonDescription | AA9: =IF(AND(LEFT(MasterCMCopy!$C9,6)="BT-196", MasterCMCopy!$C9<>MasterCMCopy!$C8),MasterCMCopy!$C9,"") | AB9: =IF(AND(LEFT(MasterCMCopy!$C9,6)="BT-196", MasterCMCopy!$C9<>MasterCMCopy!$C8), MasterCMCopy!$D9 & " of " & MasterCMCopy!$L9 & " under " & MasterCMCopy!$I9,"") | AC9: =IF($AA9="", "", $AA9 & "-Language") | AD9: =IF($AB9="", "", "Language of " & $AB9)
A10: =IF(B10="---",B10, IF(D10="", "", D10 & (IF($I10, "_v" & IF($G10="", "1.3", $G10) & IF($H10="", "+", "-" & $H10), "") & ".rml.ttl"))) | B10: =IF(MasterCMCopy!$X10="","---", "tedm:" & IF(LEFT(MasterCMCopy!$C10, 3)="ND-", IF(LEFT(MasterCMCopy!$C14, 3)="ND-", MasterCMCopy!$L16, MasterCMCopy!$L14) & "-" & MasterCMCopy!$C10, MasterCMCopy!$L10 & "-" & MasterCMCopy!$I10)) -> tedm:MG-NonPublishedInformation-ND-ProcedureTypeUnpublish | C10: =IF(AND(LEFT(MasterCMCopy!$C10,6)="BT-195", OR(LEFT(MasterCMCopy!$C9,3)="ND-",$B10<>$B9)),MasterCMCopy!$L10,"") | D10: =IF(AND(LEFT(MasterCMCopy!$C10,3)="ND-", OR(MasterCMCopy!$N10<>MasterCMCopy!$N9, MasterCMCopy!$P10<>MasterCMCopy!$P9)),MasterCMCopy!$C10,"") | E10: =IF(AND(LEFT(MasterCMCopy!$C10,3)="ND-", OR(MasterCMCopy!$N10<>MasterCMCopy!$N9, MasterCMCopy!$P10<>MasterCMCopy!$P9)),MasterCMCopy!$N10,"") | F10: =IFERROR(__xludf.DUMMYFUNCTION("IF($E10="""", """", REGEXEXTRACT($E10,""efbc:FieldIdentifierCode[^\]]+""))"),"") | G10: =MasterCMCopy!A10 -> 1.4 | H10: =MasterCMCopy!B10 | J10: =IF(LEFT(MasterCMCopy!$C10,3)="ND-", IF(LEFT(MasterCMCopy!$X10,10)<>"epo:NonPub", MasterCMCopy!$L10, IF(RIGHT(MasterCMCopy!$X10,13)="epo:Procedure", "MG-Procedure", "")), "") | K10: =IF(J10="", "", IF(J10="MG-Procedure", "ND-Root", MasterCMCopy!H10)) | L10: =IF($J10="", "", MasterCMCopy!$C10 & " (concernsMaskedObject)") | M10: =IFERROR(__xludf.DUMMYFUNCTION("IF($J10="""", """", ""Connection from NonPublishedInformation to "" & REGEXEXTRACT(MasterCMCopy!$X10, "".*:(.*)"") & "" under "" & $J10 & ""_"" & $K10)"),"") | N10: =IF(J10="", "", "tedm:" & J10 & "_" & K10) | O10: =IFERROR(__xludf.DUMMYFUNCTION("IF($J10="""", """", IF($J10=""MG-Procedure"", """", REGEXREPLACE(MasterCMCopy!$P10,""\[[^\]]+\]"","""")))"),"") | P10: =IFERROR(__xludf.DUMMYFUNCTION("REGEXREPLACE($O10,""[^/]+"","".."")"),"") | Q10: =IF(AND(LEFT(MasterCMCopy!$C10,6)="BT-195", OR(MasterCMCopy!$O10<>MasterCMCopy!$O9,$G10<>$G9,$H10<>$H9)),MasterCMCopy!$C10,"") | R10: =IF(AND(LEFT(MasterCMCopy!$C10,6)="BT-195", OR(MasterCMCopy!$O10<>MasterCMCopy!$O9,$G10<>$G9,$H10<>$H9)), "The field " & MasterCMCopy!$C10 & ", " & MasterCMCopy!$D10 & ", specifies information to generate the URI of the masked property","") | S10: =IF(AND(LEFT(MasterCMCopy!$C10,6)="BT-195", OR(MasterCMCopy!$O10<>MasterCMCopy!$O9,$G10<>$G9,$H10<>$H9)),MasterCMCopy!$O10,"") | T10: =IFERROR(__xludf.DUMMYFUNCTION("IF(AND(LEFT(MasterCMCopy!$C10,6)=""BT-195"", MasterCMCopy!$O10<>MasterCMCopy!$O9),IFNA(REGEXEXTRACT(MasterCMCopy!$Y10,""<(.*)>""),""UNKNOWN""),"""")"),"") | U10: =IF(AND(LEFT(MasterCMCopy!$C10,6)="BT-197", MasterCMCopy!$C10<>MasterCMCopy!$C9),MasterCMCopy!$C10,"") | V10: =IF(AND(LEFT(MasterCMCopy!$C10,6)="BT-197", MasterCMCopy!$C10<>MasterCMCopy!$C9), "In " & MasterCMCopy!$C10 & ", " & MasterCMCopy!$D10 & ", we link to the at-voc:non-publication-justification controlled list","") | W10: =IF(AND(LEFT(MasterCMCopy!$C10,6)="BT-198", MasterCMCopy!$C10<>MasterCMCopy!$C9),MasterCMCopy!$C10,"") | X10: =IF(AND(LEFT(MasterCMCopy!$C10,6)="BT-198", MasterCMCopy!$C10<>MasterCMCopy!$C9), MasterCMCopy!$D10 & IF(AND(MasterCMCopy!$C10=MasterCMCopy!$C11, MasterCMCopy!$D10<>MasterCMCopy!$D11), (" (" & MasterCMCopy!$D11 & " below SDK 1.6)"), ""),"") | Y10: =REPLACE($B10, 1, LEN("tedm:MG"), "tedm:MG-langString-hasConfidentialityJustification-") -> tedm:MG-langString-hasConfidentialityJustification--NonPublishedInformation-ND-ProcedureTypeUnpublish | Z10: =IF($E10="", "", $E10 & "/efbc:ReasonDescription") | AA10: =IF(AND(LEFT(MasterCMCopy!$C10,6)="BT-196", MasterCMCopy!$C10<>MasterCMCopy!$C9),MasterCMCopy!$C10,"") | AB10: =IF(AND(LEFT(MasterCMCopy!$C10,6)="BT-196", MasterCMCopy!$C10<>MasterCMCopy!$C9), MasterCMCopy!$D10 & " of " & MasterCMCopy!$L10 & " under " & MasterCMCopy!$I10,"") | AC10: =IF($AA10="", "", $AA10 & "-Language") | AD10: =IF($AB10="", "", "Language of " & $AB10)
A11: =IF(B11="---",B11, IF(D11="", "", D11 & (IF($I11, "_v" & IF($G11="", "1.3", $G11) & IF($H11="", "+", "-" & $H11), "") & ".rml.ttl"))) | B11: =IF(MasterCMCopy!$X11="","---", "tedm:" & IF(LEFT(MasterCMCopy!$C11, 3)="ND-", IF(LEFT(MasterCMCopy!$C15, 3)="ND-", MasterCMCopy!$L17, MasterCMCopy!$L15) & "-" & MasterCMCopy!$C11, MasterCMCopy!$L11 & "-" & MasterCMCopy!$I11)) -> tedm:MG-NonPublishedInformation-ND-ProcedureTypeUnpublish | C11: =IF(AND(LEFT(MasterCMCopy!$C11,6)="BT-195", OR(LEFT(MasterCMCopy!$C10,3)="ND-",$B11<>$B10)),MasterCMCopy!$L11,"") -> MG-NonPublishedInformation | D11: =IF(AND(LEFT(MasterCMCopy!$C11,3)="ND-", OR(MasterCMCopy!$N11<>MasterCMCopy!$N10, MasterCMCopy!$P11<>MasterCMCopy!$P10)),MasterCMCopy!$C11,"") | E11: =IF(AND(LEFT(MasterCMCopy!$C11,3)="ND-", OR(MasterCMCopy!$N11<>MasterCMCopy!$N10, MasterCMCopy!$P11<>MasterCMCopy!$P10)),MasterCMCopy!$N11,"") | F11: =IFERROR(__xludf.DUMMYFUNCTION("IF($E11="""", """", REGEXEXTRACT($E11,""efbc:FieldIdentifierCode[^\]]+""))"),"") | G11: =MasterCMCopy!A11 -> 1.4 | H11: =MasterCMCopy!B11 | J11: =IF(LEFT(MasterCMCopy!$C11,3)="ND-", IF(LEFT(MasterCMCopy!$X11,10)<>"epo:NonPub", MasterCMCopy!$L11, IF(RIGHT(MasterCMCopy!$X11,13)="epo:Procedure", "MG-Procedure", "")), "") | K11: =IF(J11="", "", IF(J11="MG-Procedure", "ND-Root", MasterCMCopy!H11)) | L11: =IF($J11="", "", MasterCMCopy!$C11 & " (concernsMaskedObject)") | M11: =IFERROR(__xludf.DUMMYFUNCTION("IF($J11="""", """", ""Connection from NonPublishedInformation to "" & REGEXEXTRACT(MasterCMCopy!$X11, "".*:(.*)"") & "" under "" & $J11 & ""_"" & $K11)"),"") | N11: =IF(J11="", "", "tedm:" & J11 & "_" & K11) | O11: =IFERROR(__xludf.DUMMYFUNCTION("IF($J11="""", """", IF($J11=""MG-Procedure"", """", REGEXREPLACE(MasterCMCopy!$P11,""\[[^\]]+\]"","""")))"),"") | P11: =IFERROR(__xludf.DUMMYFUNCTION("REGEXREPLACE($O11,""[^/]+"","".."")"),"") | Q11: =IF(AND(LEFT(MasterCMCopy!$C11,6)="BT-195", OR(MasterCMCopy!$O11<>MasterCMCopy!$O10,$G11<>$G10,$H11<>$H10)),MasterCMCopy!$C11,"") -> BT-195(BT-105)-Procedure | R11: =IF(AND(LEFT(MasterCMCopy!$C11,6)="BT-195", OR(MasterCMCopy!$O11<>MasterCMCopy!$O10,$G11<>$G10,$H11<>$H10)), "The field " & MasterCMCopy!$C11 & ", " & MasterCMCopy!$D11 & ", specifies information to generate the URI of the masked property","") -> The field BT-195(BT-105)-Procedure, Unpublished Identifier, specifies information to generate the URI of the masked property | S11: =IF(AND(LEFT(MasterCMCopy!$C11,6)="BT-195", OR(MasterCMCopy!$O11<>MasterCMCopy!$O10,$G11<>$G10,$H11<>$H10)),MasterCMCopy!$O11,"") -> efbc:FieldIdentifierCode/text() = 'pro-typ' | T11: =IFERROR(__xludf.DUMMYFUNCTION("IF(AND(LEFT(MasterCMCopy!$C11,6)=""BT-195"", MasterCMCopy!$O11<>MasterCMCopy!$O10),IFNA(REGEXEXTRACT(MasterCMCopy!$Y11,""<(.*)>""),""UNKNOWN""),"""")"),"http://data.europa.eu/a4g/ontology#hasProcedureType") -> http://data.europa.eu/a4g/ontology#hasProcedureType | U11: =IF(AND(LEFT(MasterCMCopy!$C11,6)="BT-197", MasterCMCopy!$C11<>MasterCMCopy!$C10),MasterCMCopy!$C11,"") | V11: =IF(AND(LEFT(MasterCMCopy!$C11,6)="BT-197", MasterCMCopy!$C11<>MasterCMCopy!$C10), "In " & MasterCMCopy!$C11 & ", " & MasterCMCopy!$D11 & ", we link to the at-voc:non-publication-justification controlled list","") | W11: =IF(AND(LEFT(MasterCMCopy!$C11,6)="BT-198", MasterCMCopy!$C11<>MasterCMCopy!$C10),MasterCMCopy!$C11,"") | X11: =IF(AND(LEFT(MasterCMCopy!$C11,6)="BT-198", MasterCMCopy!$C11<>MasterCMCopy!$C10), MasterCMCopy!$D11 & IF(AND(MasterCMCopy!$C11=MasterCMCopy!$C12, MasterCMCopy!$D11<>MasterCMCopy!$D12), (" (" & MasterCMCopy!$D12 & " below SDK 1.6)"), ""),"") | Y11: =REPLACE($B11, 1, LEN("tedm:MG"), "tedm:MG-langString-hasConfidentialityJustification-") -> tedm:MG-langString-hasConfidentialityJustification--NonPublishedInformation-ND-ProcedureTypeUnpublish | Z11: =IF($E11="", "", $E11 & "/efbc:ReasonDescription") | AA11: =IF(AND(LEFT(MasterCMCopy!$C11,6)="BT-196", MasterCMCopy!$C11<>MasterCMCopy!$C10),MasterCMCopy!$C11,"") | AB11: =IF(AND(LEFT(MasterCMCopy!$C11,6)="BT-196", MasterCMCopy!$C11<>MasterCMCopy!$C10), MasterCMCopy!$D11 & " of " & MasterCMCopy!$L11 & " under " & MasterCMCopy!$I11,"") | AC11: =IF($AA11="", "", $AA11 & "-Language") | AD11: =IF($AB11="", "", "Language of " & $AB11)
A12: =IF(B12="---",B12, IF(D12="", "", D12 & (IF($I12, "_v" & IF($G12="", "1.3", $G12) & IF($H12="", "+", "-" & $H12), "") & ".rml.ttl"))) | B12: =IF(MasterCMCopy!$X12="","---", "tedm:" & IF(LEFT(MasterCMCopy!$C12, 3)="ND-", IF(LEFT(MasterCMCopy!$C16, 3)="ND-", MasterCMCopy!$L18, MasterCMCopy!$L16) & "-" & MasterCMCopy!$C12, MasterCMCopy!$L12 & "-" & MasterCMCopy!$I12)) -> tedm:MG-NonPublishedInformation-ND-ProcedureTypeUnpublish | C12: =IF(AND(LEFT(MasterCMCopy!$C12,6)="BT-195", OR(LEFT(MasterCMCopy!$C11,3)="ND-",$B12<>$B11)),MasterCMCopy!$L12,"") | D12: =IF(AND(LEFT(MasterCMCopy!$C12,3)="ND-", OR(MasterCMCopy!$N12<>MasterCMCopy!$N11, MasterCMCopy!$P12<>MasterCMCopy!$P11)),MasterCMCopy!$C12,"") | E12: =IF(AND(LEFT(MasterCMCopy!$C12,3)="ND-", OR(MasterCMCopy!$N12<>MasterCMCopy!$N11, MasterCMCopy!$P12<>MasterCMCopy!$P11)),MasterCMCopy!$N12,"") | F12: =IFERROR(__xludf.DUMMYFUNCTION("IF($E12="""", """", REGEXEXTRACT($E12,""efbc:FieldIdentifierCode[^\]]+""))"),"") | G12: =MasterCMCopy!A12 -> 1.4 | H12: =MasterCMCopy!B12 | J12: =IF(LEFT(MasterCMCopy!$C12,3)="ND-", IF(LEFT(MasterCMCopy!$X12,10)<>"epo:NonPub", MasterCMCopy!$L12, IF(RIGHT(MasterCMCopy!$X12,13)="epo:Procedure", "MG-Procedure", "")), "") | K12: =IF(J12="", "", IF(J12="MG-Procedure", "ND-Root", MasterCMCopy!H12)) | L12: =IF($J12="", "", MasterCMCopy!$C12 & " (concernsMaskedObject)") | M12: =IFERROR(__xludf.DUMMYFUNCTION("IF($J12="""", """", ""Connection from NonPublishedInformation to "" & REGEXEXTRACT(MasterCMCopy!$X12, "".*:(.*)"") & "" under "" & $J12 & ""_"" & $K12)"),"") | N12: =IF(J12="", "", "tedm:" & J12 & "_" & K12) | O12: =IFERROR(__xludf.DUMMYFUNCTION("IF($J12="""", """", IF($J12=""MG-Procedure"", """", REGEXREPLACE(MasterCMCopy!$P12,""\[[^\]]+\]"","""")))"),"") | P12: =IFERROR(__xludf.DUMMYFUNCTION("REGEXREPLACE($O12,""[^/]+"","".."")"),"") | Q12: =IF(AND(LEFT(MasterCMCopy!$C12,6)="BT-195", OR(MasterCMCopy!$O12<>MasterCMCopy!$O11,$G12<>$G11,$H12<>$H11)),MasterCMCopy!$C12,"") | R12: =IF(AND(LEFT(MasterCMCopy!$C12,6)="BT-195", OR(MasterCMCopy!$O12<>MasterCMCopy!$O11,$G12<>$G11,$H12<>$H11)), "The field " & MasterCMCopy!$C12 & ", " & MasterCMCopy!$D12 & ", specifies information to generate the URI of the masked property","") | S12: =IF(AND(LEFT(MasterCMCopy!$C12,6)="BT-195", OR(MasterCMCopy!$O12<>MasterCMCopy!$O11,$G12<>$G11,$H12<>$H11)),MasterCMCopy!$O12,"") | T12: =IFERROR(__xludf.DUMMYFUNCTION("IF(AND(LEFT(MasterCMCopy!$C12,6)=""BT-195"", MasterCMCopy!$O12<>MasterCMCopy!$O11),IFNA(REGEXEXTRACT(MasterCMCopy!$Y12,""<(.*)>""),""UNKNOWN""),"""")"),"") | U12: =IF(AND(LEFT(MasterCMCopy!$C12,6)="BT-197", MasterCMCopy!$C12<>MasterCMCopy!$C11),MasterCMCopy!$C12,"") | V12: =IF(AND(LEFT(MasterCMCopy!$C12,6)="BT-197", MasterCMCopy!$C12<>MasterCMCopy!$C11), "In " & MasterCMCopy!$C12 & ", " & MasterCMCopy!$D12 & ", we link to the at-voc:non-publication-justification controlled list","") | W12: =IF(AND(LEFT(MasterCMCopy!$C12,6)="BT-198", MasterCMCopy!$C12<>MasterCMCopy!$C11),MasterCMCopy!$C12,"") | X12: =IF(AND(LEFT(MasterCMCopy!$C12,6)="BT-198", MasterCMCopy!$C12<>MasterCMCopy!$C11), MasterCMCopy!$D12 & IF(AND(MasterCMCopy!$C12=MasterCMCopy!$C13, MasterCMCopy!$D12<>MasterCMCopy!$D13), (" (" & MasterCMCopy!$D13 & " below SDK 1.6)"), ""),"") | Y12: =REPLACE($B12, 1, LEN("tedm:MG"), "tedm:MG-langString-hasConfidentialityJustification-") -> tedm:MG-langString-hasConfidentialityJustification--NonPublishedInformation-ND-ProcedureTypeUnpublish | Z12: =IF($E12="", "", $E12 & "/efbc:ReasonDescription") | AA12: =IF(AND(LEFT(MasterCMCopy!$C12,6)="BT-196", MasterCMCopy!$C12<>MasterCMCopy!$C11),MasterCMCopy!$C12,"") -> BT-196(BT-105)-Procedure | AB12: =IF(AND(LEFT(MasterCMCopy!$C12,6)="BT-196", MasterCMCopy!$C12<>MasterCMCopy!$C11), MasterCMCopy!$D12 & " of " & MasterCMCopy!$L12 & " under " & MasterCMCopy!$I12,"") -> Unpublished Justification Description of MG-NonPublishedInformation under ND-ProcedureTypeUnpublish | AC12: =IF($AA12="", "", $AA12 & "-Language") -> BT-196(BT-105)-Procedure-Language | AD12: =IF($AB12="", "", "Language of " & $AB12) -> Language of Unpublished Justification Description of MG-NonPublishedInformation under ND-ProcedureTypeUnpublish
A13: =IF(B13="---",B13, IF(D13="", "", D13 & (IF($I13, "_v" & IF($G13="", "1.3", $G13) & IF($H13="", "+", "-" & $H13), "") & ".rml.ttl"))) | B13: =IF(MasterCMCopy!$X13="","---", "tedm:" & IF(LEFT(MasterCMCopy!$C13, 3)="ND-", IF(LEFT(MasterCMCopy!$C17, 3)="ND-", MasterCMCopy!$L19, MasterCMCopy!$L17) & "-" & MasterCMCopy!$C13, MasterCMCopy!$L13 & "-" & MasterCMCopy!$I13)) -> tedm:MG-NonPublishedInformation-ND-ProcedureTypeUnpublish | C13: =IF(AND(LEFT(MasterCMCopy!$C13,6)="BT-195", OR(LEFT(MasterCMCopy!$C12,3)="ND-",$B13<>$B12)),MasterCMCopy!$L13,"") | D13: =IF(AND(LEFT(MasterCMCopy!$C13,3)="ND-", OR(MasterCMCopy!$N13<>MasterCMCopy!$N12, MasterCMCopy!$P13<>MasterCMCopy!$P12)),MasterCMCopy!$C13,"") | E13: =IF(AND(LEFT(MasterCMCopy!$C13,3)="ND-", OR(MasterCMCopy!$N13<>MasterCMCopy!$N12, MasterCMCopy!$P13<>MasterCMCopy!$P12)),MasterCMCopy!$N13,"") | F13: =IFERROR(__xludf.DUMMYFUNCTION("IF($E13="""", """", REGEXEXTRACT($E13,""efbc:FieldIdentifierCode[^\]]+""))"),"") | G13: =MasterCMCopy!A13 -> 1.4 | H13: =MasterCMCopy!B13 | J13: =IF(LEFT(MasterCMCopy!$C13,3)="ND-", IF(LEFT(MasterCMCopy!$X13,10)<>"epo:NonPub", MasterCMCopy!$L13, IF(RIGHT(MasterCMCopy!$X13,13)="epo:Procedure", "MG-Procedure", "")), "") | K13: =IF(J13="", "", IF(J13="MG-Procedure", "ND-Root", MasterCMCopy!H13)) | L13: =IF($J13="", "", MasterCMCopy!$C13 & " (concernsMaskedObject)") | M13: =IFERROR(__xludf.DUMMYFUNCTION("IF($J13="""", """", ""Connection from NonPublishedInformation to "" & REGEXEXTRACT(MasterCMCopy!$X13, "".*:(.*)"") & "" under "" & $J13 & ""_"" & $K13)"),"") | N13: =IF(J13="", "", "tedm:" & J13 & "_" & K13) | O13: =IFERROR(__xludf.DUMMYFUNCTION("IF($J13="""", """", IF($J13=""MG-Procedure"", """", REGEXREPLACE(MasterCMCopy!$P13,""\[[^\]]+\]"","""")))"),"") | P13: =IFERROR(__xludf.DUMMYFUNCTION("REGEXREPLACE($O13,""[^/]+"","".."")"),"") | Q13: =IF(AND(LEFT(MasterCMCopy!$C13,6)="BT-195", OR(MasterCMCopy!$O13<>MasterCMCopy!$O12,$G13<>$G12,$H13<>$H12)),MasterCMCopy!$C13,"") | R13: =IF(AND(LEFT(MasterCMCopy!$C13,6)="BT-195", OR(MasterCMCopy!$O13<>MasterCMCopy!$O12,$G13<>$G12,$H13<>$H12)), "The field " & MasterCMCopy!$C13 & ", " & MasterCMCopy!$D13 & ", specifies information to generate the URI of the masked property","") | S13: =IF(AND(LEFT(MasterCMCopy!$C13,6)="BT-195", OR(MasterCMCopy!$O13<>MasterCMCopy!$O12,$G13<>$G12,$H13<>$H12)),MasterCMCopy!$O13,"") | T13: =IFERROR(__xludf.DUMMYFUNCTION("IF(AND(LEFT(MasterCMCopy!$C13,6)=""BT-195"", MasterCMCopy!$O13<>MasterCMCopy!$O12),IFNA(REGEXEXTRACT(MasterCMCopy!$Y13,""<(.*)>""),""UNKNOWN""),"""")"),"") | U13: =IF(AND(LEFT(MasterCMCopy!$C13,6)="BT-197", MasterCMCopy!$C13<>MasterCMCopy!$C12),MasterCMCopy!$C13,"") -> BT-197(BT-105)-Procedure | V13: =IF(AND(LEFT(MasterCMCopy!$C13,6)="BT-197", MasterCMCopy!$C13<>MasterCMCopy!$C12), "In " & MasterCMCopy!$C13 & ", " & MasterCMCopy!$D13 & ", we link to the at-voc:non-publication-justification controlled list","") -> In BT-197(BT-105)-Procedure, Unpublished Justification Code, we link to the at-voc:non-publication-justification controlled list | W13: =IF(AND(LEFT(MasterCMCopy!$C13,6)="BT-198", MasterCMCopy!$C13<>MasterCMCopy!$C12),MasterCMCopy!$C13,"") | X13: =IF(AND(LEFT(MasterCMCopy!$C13,6)="BT-198", MasterCMCopy!$C13<>MasterCMCopy!$C12), MasterCMCopy!$D13 & IF(AND(MasterCMCopy!$C13=MasterCMCopy!$C14, MasterCMCopy!$D13<>MasterCMCopy!$D14), (" (" & MasterCMCopy!$D14 & " below SDK 1.6)"), ""),"") | Y13: =REPLACE($B13, 1, LEN("tedm:MG"), "tedm:MG-langString-hasConfidentialityJustification-") -> tedm:MG-langString-hasConfidentialityJustification--NonPublishedInformation-ND-ProcedureTypeUnpublish | Z13: =IF($E13="", "", $E13 & "/efbc:ReasonDescription") | AA13: =IF(AND(LEFT(MasterCMCopy!$C13,6)="BT-196", MasterCMCopy!$C13<>MasterCMCopy!$C12),MasterCMCopy!$C13,"") | AB13: =IF(AND(LEFT(MasterCMCopy!$C13,6)="BT-196", MasterCMCopy!$C13<>MasterCMCopy!$C12), MasterCMCopy!$D13 & " of " & MasterCMCopy!$L13 & " under " & MasterCMCopy!$I13,"") | AC13: =IF($AA13="", "", $AA13 & "-Language") | AD13: =IF($AB13="", "", "Language of " & $AB13)
A14: =IF(B14="---",B14, IF(D14="", "", D14 & (IF($I14, "_v" & IF($G14="", "1.3", $G14) & IF($H14="", "+", "-" & $H14), "") & ".rml.ttl"))) | B14: =IF(MasterCMCopy!$X14="","---", "tedm:" & IF(LEFT(MasterCMCopy!$C14, 3)="ND-", IF(LEFT(MasterCMCopy!$C18, 3)="ND-", MasterCMCopy!$L20, MasterCMCopy!$L18) & "-" & MasterCMCopy!$C14, MasterCMCopy!$L14 & "-" & MasterCMCopy!$I14)) -> tedm:MG-NonPublishedInformation-ND-ProcedureTypeUnpublish | C14: =IF(AND(LEFT(MasterCMCopy!$C14,6)="BT-195", OR(LEFT(MasterCMCopy!$C13,3)="ND-",$B14<>$B13)),MasterCMCopy!$L14,"") | D14: =IF(AND(LEFT(MasterCMCopy!$C14,3)="ND-", OR(MasterCMCopy!$N14<>MasterCMCopy!$N13, MasterCMCopy!$P14<>MasterCMCopy!$P13)),MasterCMCopy!$C14,"") | E14: =IF(AND(LEFT(MasterCMCopy!$C14,3)="ND-", OR(MasterCMCopy!$N14<>MasterCMCopy!$N13, MasterCMCopy!$P14<>MasterCMCopy!$P13)),MasterCMCopy!$N14,"") | F14: =IFERROR(__xludf.DUMMYFUNCTION("IF($E14="""", """", REGEXEXTRACT($E14,""efbc:FieldIdentifierCode[^\]]+""))"),"") | G14: =MasterCMCopy!A14 -> 1.4 | H14: =MasterCMCopy!B14 -> 1.5 | J14: =IF(LEFT(MasterCMCopy!$C14,3)="ND-", IF(LEFT(MasterCMCopy!$X14,10)<>"epo:NonPub", MasterCMCopy!$L14, IF(RIGHT(MasterCMCopy!$X14,13)="epo:Procedure", "MG-Procedure", "")), "") | K14: =IF(J14="", "", IF(J14="MG-Procedure", "ND-Root", MasterCMCopy!H14)) | L14: =IF($J14="", "", MasterCMCopy!$C14 & " (concernsMaskedObject)") | M14: =IFERROR(__xludf.DUMMYFUNCTION("IF($J14="""", """", ""Connection from NonPublishedInformation to "" & REGEXEXTRACT(MasterCMCopy!$X14, "".*:(.*)"") & "" under "" & $J14 & ""_"" & $K14)"),"") | N14: =IF(J14="", "", "tedm:" & J14 & "_" & K14) | O14: =IFERROR(__xludf.DUMMYFUNCTION("IF($J14="""", """", IF($J14=""MG-Procedure"", """", REGEXREPLACE(MasterCMCopy!$P14,""\[[^\]]+\]"","""")))"),"") | P14: =IFERROR(__xludf.DUMMYFUNCTION("REGEXREPLACE($O14,""[^/]+"","".."")"),"") | Q14: =IF(AND(LEFT(MasterCMCopy!$C14,6)="BT-195", OR(MasterCMCopy!$O14<>MasterCMCopy!$O13,$G14<>$G13,$H14<>$H13)),MasterCMCopy!$C14,"") | R14: =IF(AND(LEFT(MasterCMCopy!$C14,6)="BT-195", OR(MasterCMCopy!$O14<>MasterCMCopy!$O13,$G14<>$G13,$H14<>$H13)), "The field " & MasterCMCopy!$C14 & ", " & MasterCMCopy!$D14 & ", specifies information to generate the URI of the masked property","") | S14: =IF(AND(LEFT(MasterCMCopy!$C14,6)="BT-195", OR(MasterCMCopy!$O14<>MasterCMCopy!$O13,$G14<>$G13,$H14<>$H13)),MasterCMCopy!$O14,"") | T14: =IFERROR(__xludf.DUMMYFUNCTION("IF(AND(LEFT(MasterCMCopy!$C14,6)=""BT-195"", MasterCMCopy!$O14<>MasterCMCopy!$O13),IFNA(REGEXEXTRACT(MasterCMCopy!$Y14,""<(.*)>""),""UNKNOWN""),"""")"),"") | U14: =IF(AND(LEFT(MasterCMCopy!$C14,6)="BT-197", MasterCMCopy!$C14<>MasterCMCopy!$C13),MasterCMCopy!$C14,"") | V14: =IF(AND(LEFT(MasterCMCopy!$C14,6)="BT-197", MasterCMCopy!$C14<>MasterCMCopy!$C13), "In " & MasterCMCopy!$C14 & ", " & MasterCMCopy!$D14 & ", we link to the at-voc:non-publication-justification controlled list","") | W14: =IF(AND(LEFT(MasterCMCopy!$C14,6)="BT-198", MasterCMCopy!$C14<>MasterCMCopy!$C13),MasterCMCopy!$C14,"") -> BT-198(BT-105)-Procedure | X14: =IF(AND(LEFT(MasterCMCopy!$C14,6)="BT-198", MasterCMCopy!$C14<>MasterCMCopy!$C13), MasterCMCopy!$D14 & IF(AND(MasterCMCopy!$C14=MasterCMCopy!$C15, MasterCMCopy!$D14<>MasterCMCopy!$D15), (" (" & MasterCMCopy!$D15 & " below SDK 1.6)"), ""),"") -> Unpublished Accessibility Date (Unpublished Access Date below SDK 1.6) | Y14: =REPLACE($B14, 1, LEN("tedm:MG"), "tedm:MG-langString-hasConfidentialityJustification-") -> tedm:MG-langString-hasConfidentialityJustification--NonPublishedInformation-ND-ProcedureTypeUnpublish | Z14: =IF($E14="", "", $E14 & "/efbc:ReasonDescription") | AA14: =IF(AND(LEFT(MasterCMCopy!$C14,6)="BT-196", MasterCMCopy!$C14<>MasterCMCopy!$C13),MasterCMCopy!$C14,"") | AB14: =IF(AND(LEFT(MasterCMCopy!$C14,6)="BT-196", MasterCMCopy!$C14<>MasterCMCopy!$C13), MasterCMCopy!$D14 & " of " & MasterCMCopy!$L14 & " under " & MasterCMCopy!$I14,"") | AC14: =IF($AA14="", "", $AA14 & "-Language") | AD14: =IF($AB14="", "", "Language of " & $AB14)
A15: =IF(B15="---",B15, IF(D15="", "", D15 & (IF($I15, "_v" & IF($G15="", "1.3", $G15) & IF($H15="", "+", "-" & $H15), "") & ".rml.ttl"))) | B15: =IF(MasterCMCopy!$X15="","---", "tedm:" & IF(LEFT(MasterCMCopy!$C15, 3)="ND-", IF(LEFT(MasterCMCopy!$C19, 3)="ND-", MasterCMCopy!$L21, MasterCMCopy!$L19) & "-" & MasterCMCopy!$C15, MasterCMCopy!$L15 & "-" & MasterCMCopy!$I15)) -> tedm:MG-NonPublishedInformation-ND-ProcedureTypeUnpublish | C15: =IF(AND(LEFT(MasterCMCopy!$C15,6)="BT-195", OR(LEFT(MasterCMCopy!$C14,3)="ND-",$B15<>$B14)),MasterCMCopy!$L15,"") | D15: =IF(AND(LEFT(MasterCMCopy!$C15,3)="ND-", OR(MasterCMCopy!$N15<>MasterCMCopy!$N14, MasterCMCopy!$P15<>MasterCMCopy!$P14)),MasterCMCopy!$C15,"") | E15: =IF(AND(LEFT(MasterCMCopy!$C15,3)="ND-", OR(MasterCMCopy!$N15<>MasterCMCopy!$N14, MasterCMCopy!$P15<>MasterCMCopy!$P14)),MasterCMCopy!$N15,"") | F15: =IFERROR(__xludf.DUMMYFUNCTION("IF($E15="""", """", REGEXEXTRACT($E15,""efbc:FieldIdentifierCode[^\]]+""))"),"") | G15: =MasterCMCopy!A15 -> 1.6 | H15: =MasterCMCopy!B15 | J15: =IF(LEFT(MasterCMCopy!$C15,3)="ND-", IF(LEFT(MasterCMCopy!$X15,10)<>"epo:NonPub", MasterCMCopy!$L15, IF(RIGHT(MasterCMCopy!$X15,13)="epo:Procedure", "MG-Procedure", "")), "") | K15: =IF(J15="", "", IF(J15="MG-Procedure", "ND-Root", MasterCMCopy!H15)) | L15: =IF($J15="", "", MasterCMCopy!$C15 & " (concernsMaskedObject)") | M15: =IFERROR(__xludf.DUMMYFUNCTION("IF($J15="""", """", ""Connection from NonPublishedInformation to "" & REGEXEXTRACT(MasterCMCopy!$X15, "".*:(.*)"") & "" under "" & $J15 & ""_"" & $K15)"),"") | N15: =IF(J15="", "", "tedm:" & J15 & "_" & K15) | O15: =IFERROR(__xludf.DUMMYFUNCTION("IF($J15="""", """", IF($J15=""MG-Procedure"", """", REGEXREPLACE(MasterCMCopy!$P15,""\[[^\]]+\]"","""")))"),"") | P15: =IFERROR(__xludf.DUMMYFUNCTION("REGEXREPLACE($O15,""[^/]+"","".."")"),"") | Q15: =IF(AND(LEFT(MasterCMCopy!$C15,6)="BT-195", OR(MasterCMCopy!$O15<>MasterCMCopy!$O14,$G15<>$G14,$H15<>$H14)),MasterCMCopy!$C15,"") | R15: =IF(AND(LEFT(MasterCMCopy!$C15,6)="BT-195", OR(MasterCMCopy!$O15<>MasterCMCopy!$O14,$G15<>$G14,$H15<>$H14)), "The field " & MasterCMCopy!$C15 & ", " & MasterCMCopy!$D15 & ", specifies information to generate the URI of the masked property","") | S15: =IF(AND(LEFT(MasterCMCopy!$C15,6)="BT-195", OR(MasterCMCopy!$O15<>MasterCMCopy!$O14,$G15<>$G14,$H15<>$H14)),MasterCMCopy!$O15,"") | T15: =IFERROR(__xludf.DUMMYFUNCTION("IF(AND(LEFT(MasterCMCopy!$C15,6)=""BT-195"", MasterCMCopy!$O15<>MasterCMCopy!$O14),IFNA(REGEXEXTRACT(MasterCMCopy!$Y15,""<(.*)>""),""UNKNOWN""),"""")"),"") | U15: =IF(AND(LEFT(MasterCMCopy!$C15,6)="BT-197", MasterCMCopy!$C15<>MasterCMCopy!$C14),MasterCMCopy!$C15,"") | V15: =IF(AND(LEFT(MasterCMCopy!$C15,6)="BT-197", MasterCMCopy!$C15<>MasterCMCopy!$C14), "In " & MasterCMCopy!$C15 & ", " & MasterCMCopy!$D15 & ", we link to the at-voc:non-publication-justification controlled list","") | W15: =IF(AND(LEFT(MasterCMCopy!$C15,6)="BT-198", MasterCMCopy!$C15<>MasterCMCopy!$C14),MasterCMCopy!$C15,"") | X15: =IF(AND(LEFT(MasterCMCopy!$C15,6)="BT-198", MasterCMCopy!$C15<>MasterCMCopy!$C14), MasterCMCopy!$D15 & IF(AND(MasterCMCopy!$C15=MasterCMCopy!$C16, MasterCMCopy!$D15<>MasterCMCopy!$D16), (" (" & MasterCMCopy!$D16 & " below SDK 1.6)"), ""),"") | Y15: =REPLACE($B15, 1, LEN("tedm:MG"), "tedm:MG-langString-hasConfidentialityJustification-") -> tedm:MG-langString-hasConfidentialityJustification--NonPublishedInformation-ND-ProcedureTypeUnpublish | Z15: =IF($E15="", "", $E15 & "/efbc:ReasonDescription") | AA15: =IF(AND(LEFT(MasterCMCopy!$C15,6)="BT-196", MasterCMCopy!$C15<>MasterCMCopy!$C14),MasterCMCopy!$C15,"") | AB15: =IF(AND(LEFT(MasterCMCopy!$C15,6)="BT-196", MasterCMCopy!$C15<>MasterCMCopy!$C14), MasterCMCopy!$D15 & " of " & MasterCMCopy!$L15 & " under " & MasterCMCopy!$I15,"") | AC15: =IF($AA15="", "", $AA15 & "-Language") | AD15: =IF($AB15="", "", "Language of " & $AB15)
A16: =IF(B16="---",B16, IF(D16="", "", D16 & (IF($I16, "_v" & IF($G16="", "1.3", $G16) & IF($H16="", "+", "-" & $H16), "") & ".rml.ttl"))) -> ND-ProcedureAcceleratedUnpublish.rml.ttl | B16: =IF(MasterCMCopy!$X16="","---", "tedm:" & IF(LEFT(MasterCMCopy!$C16, 3)="ND-", IF(LEFT(MasterCMCopy!$C20, 3)="ND-", MasterCMCopy!$L22, MasterCMCopy!$L20) & "-" & MasterCMCopy!$C16, MasterCMCopy!$L16 & "-" & MasterCMCopy!$I16)) -> tedm:MG-NonPublishedInformation-ND-ProcedureAcceleratedUnpublish | C16: =IF(AND(LEFT(MasterCMCopy!$C16,6)="BT-195", OR(LEFT(MasterCMCopy!$C15,3)="ND-",$B16<>$B15)),MasterCMCopy!$L16,"") | D16: =IF(AND(LEFT(MasterCMCopy!$C16,3)="ND-", OR(MasterCMCopy!$N16<>MasterCMCopy!$N15, MasterCMCopy!$P16<>MasterCMCopy!$P15)),MasterCMCopy!$C16,"") -> ND-ProcedureAcceleratedUnpublish | E16: =IF(AND(LEFT(MasterCMCopy!$C16,3)="ND-", OR(MasterCMCopy!$N16<>MasterCMCopy!$N15, MasterCMCopy!$P16<>MasterCMCopy!$P15)),MasterCMCopy!$N16,"") -> /*/cac:TenderingProcess/cac:ProcessJustification[cbc:ProcessReasonCode/@listName='accelerated-procedure']/ext:UBLExtensions/ext:UBLExtension/ext:ExtensionContent/efext:EformsExtension/efac:FieldsPrivacy[efbc:FieldIdentifierCode/text()='pro-acc'] | F16: =IFERROR(__xludf.DUMMYFUNCTION("IF($E16="""", """", REGEXEXTRACT($E16,""efbc:FieldIdentifierCode[^\]]+""))"),"efbc:FieldIdentifierCode/text()='pro-acc'") -> efbc:FieldIdentifierCode/text()='pro-acc' | G16: =MasterCMCopy!A16 -> 1.4 | H16: =MasterCMCopy!B16 | J16: =IF(LEFT(MasterCMCopy!$C16,3)="ND-", IF(LEFT(MasterCMCopy!$X16,10)<>"epo:NonPub", MasterCMCopy!$L16, IF(RIGHT(MasterCMCopy!$X16,13)="epo:Procedure", "MG-Procedure", "")), "") -> MG-Procedure | K16: =IF(J16="", "", IF(J16="MG-Procedure", "ND-Root", MasterCMCopy!H16)) -> ND-Root | L16: =IF($J16="", "", MasterCMCopy!$C16 & " (concernsMaskedObject)") -> ND-ProcedureAcceleratedUnpublish (concernsMaskedObject) | M16: =IFERROR(__xludf.DUMMYFUNCTION("IF($J16="""", """", ""Connection from NonPublishedInformation to "" & REGEXEXTRACT(MasterCMCopy!$X16, "".*:(.*)"") & "" under "" & $J16 & ""_"" & $K16)"),"Connection from NonPublishedInformation to Procedure under MG-Procedure_ND-Root") -> Connection from NonPublishedInformation to Procedure under MG-Procedure_ND-Root | N16: =IF(J16="", "", "tedm:" & J16 & "_" & K16) -> tedm:MG-Procedure_ND-Root | O16: =IFERROR(__xludf.DUMMYFUNCTION("IF($J16="""", """", IF($J16=""MG-Procedure"", """", REGEXREPLACE(MasterCMCopy!$P16,""\[[^\]]+\]"","""")))"),"") | P16: =IFERROR(__xludf.DUMMYFUNCTION("REGEXREPLACE($O16,""[^/]+"","".."")"),"") | Q16: =IF(AND(LEFT(MasterCMCopy!$C16,6)="BT-195", OR(MasterCMCopy!$O16<>MasterCMCopy!$O15,$G16<>$G15,$H16<>$H15)),MasterCMCopy!$C16,"") | R16: =IF(AND(LEFT(MasterCMCopy!$C16,6)="BT-195", OR(MasterCMCopy!$O16<>MasterCMCopy!$O15,$G16<>$G15,$H16<>$H15)), "The field " & MasterCMCopy!$C16 & ", " & MasterCMCopy!$D16 & ", specifies information to generate the URI of the masked property","") | S16: =IF(AND(LEFT(MasterCMCopy!$C16,6)="BT-195", OR(MasterCMCopy!$O16<>MasterCMCopy!$O15,$G16<>$G15,$H16<>$H15)),MasterCMCopy!$O16,"") | T16: =IFERROR(__xludf.DUMMYFUNCTION("IF(AND(LEFT(MasterCMCopy!$C16,6)=""BT-195"", MasterCMCopy!$O16<>MasterCMCopy!$O15),IFNA(REGEXEXTRACT(MasterCMCopy!$Y16,""<(.*)>""),""UNKNOWN""),"""")"),"") | U16: =IF(AND(LEFT(MasterCMCopy!$C16,6)="BT-197", MasterCMCopy!$C16<>MasterCMCopy!$C15),MasterCMCopy!$C16,"") | V16: =IF(AND(LEFT(MasterCMCopy!$C16,6)="BT-197", MasterCMCopy!$C16<>MasterCMCopy!$C15), "In " & MasterCMCopy!$C16 & ", " & MasterCMCopy!$D16 & ", we link to the at-voc:non-publication-justification controlled list","") | W16: =IF(AND(LEFT(MasterCMCopy!$C16,6)="BT-198", MasterCMCopy!$C16<>MasterCMCopy!$C15),MasterCMCopy!$C16,"") | X16: =IF(AND(LEFT(MasterCMCopy!$C16,6)="BT-198", MasterCMCopy!$C16<>MasterCMCopy!$C15), MasterCMCopy!$D16 & IF(AND(MasterCMCopy!$C16=MasterCMCopy!$C17, MasterCMCopy!$D16<>MasterCMCopy!$D17), (" (" & MasterCMCopy!$D17 & " below SDK 1.6)"), ""),"") | Y16: =REPLACE($B16, 1, LEN("tedm:MG"), "tedm:MG-langString-hasConfidentialityJustification-") -> tedm:MG-langString-hasConfidentialityJustification--NonPublishedInformation-ND-ProcedureAcceleratedUnpublish | Z16: =IF($E16="", "", $E16 & "/efbc:ReasonDescription") -> /*/cac:TenderingProcess/cac:ProcessJustification[cbc:ProcessReasonCode/@listName='accelerated-procedure']/ext:UBLExtensions/ext:UBLExtension/ext:ExtensionContent/efext:EformsExtension/efac:FieldsPrivacy[efbc:FieldIdentifierCode/text()='pro-acc']/efbc:ReasonDescription | AA16: =IF(AND(LEFT(MasterCMCopy!$C16,6)="BT-196", MasterCMCopy!$C16<>MasterCMCopy!$C15),MasterCMCopy!$C16,"") | AB16: =IF(AND(LEFT(MasterCMCopy!$C16,6)="BT-196", MasterCMCopy!$C16<>MasterCMCopy!$C15), MasterCMCopy!$D16 & " of " & MasterCMCopy!$L16 & " under " & MasterCMCopy!$I16,"") | AC16: =IF($AA16="", "", $AA16 & "-Language") | AD16: =IF($AB16="", "", "Language of " & $AB16)
A17: =IF(B17="---",B17, IF(D17="", "", D17 & (IF($I17, "_v" & IF($G17="", "1.3", $G17) & IF($H17="", "+", "-" & $H17), "") & ".rml.ttl"))) | B17: =IF(MasterCMCopy!$X17="","---", "tedm:" & IF(LEFT(MasterCMCopy!$C17, 3)="ND-", IF(LEFT(MasterCMCopy!$C21, 3)="ND-", MasterCMCopy!$L23, MasterCMCopy!$L21) & "-" & MasterCMCopy!$C17, MasterCMCopy!$L17 & "-" & MasterCMCopy!$I17)) -> tedm:MG-NonPublishedInformation-ND-ProcedureAcceleratedUnpublish | C17: =IF(AND(LEFT(MasterCMCopy!$C17,6)="BT-195", OR(LEFT(MasterCMCopy!$C16,3)="ND-",$B17<>$B16)),MasterCMCopy!$L17,"") | D17: =IF(AND(LEFT(MasterCMCopy!$C17,3)="ND-", OR(MasterCMCopy!$N17<>MasterCMCopy!$N16, MasterCMCopy!$P17<>MasterCMCopy!$P16)),MasterCMCopy!$C17,"") | E17: =IF(AND(LEFT(MasterCMCopy!$C17,3)="ND-", OR(MasterCMCopy!$N17<>MasterCMCopy!$N16, MasterCMCopy!$P17<>MasterCMCopy!$P16)),MasterCMCopy!$N17,"") | F17: =IFERROR(__xludf.DUMMYFUNCTION("IF($E17="""", """", REGEXEXTRACT($E17,""efbc:FieldIdentifierCode[^\]]+""))"),"") | G17: =MasterCMCopy!A17 -> 1.4 | H17: =MasterCMCopy!B17 | J17: =IF(LEFT(MasterCMCopy!$C17,3)="ND-", IF(LEFT(MasterCMCopy!$X17,10)<>"epo:NonPub", MasterCMCopy!$L17, IF(RIGHT(MasterCMCopy!$X17,13)="epo:Procedure", "MG-Procedure", "")), "") | K17: =IF(J17="", "", IF(J17="MG-Procedure", "ND-Root", MasterCMCopy!H17)) | L17: =IF($J17="", "", MasterCMCopy!$C17 & " (concernsMaskedObject)") | M17: =IFERROR(__xludf.DUMMYFUNCTION("IF($J17="""", """", ""Connection from NonPublishedInformation to "" & REGEXEXTRACT(MasterCMCopy!$X17, "".*:(.*)"") & "" under "" & $J17 & ""_"" & $K17)"),"") | N17: =IF(J17="", "", "tedm:" & J17 & "_" & K17) | O17: =IFERROR(__xludf.DUMMYFUNCTION("IF($J17="""", """", IF($J17=""MG-Procedure"", """", REGEXREPLACE(MasterCMCopy!$P17,""\[[^\]]+\]"","""")))"),"") | P17: =IFERROR(__xludf.DUMMYFUNCTION("REGEXREPLACE($O17,""[^/]+"","".."")"),"") | Q17: =IF(AND(LEFT(MasterCMCopy!$C17,6)="BT-195", OR(MasterCMCopy!$O17<>MasterCMCopy!$O16,$G17<>$G16,$H17<>$H16)),MasterCMCopy!$C17,"") | R17: =IF(AND(LEFT(MasterCMCopy!$C17,6)="BT-195", OR(MasterCMCopy!$O17<>MasterCMCopy!$O16,$G17<>$G16,$H17<>$H16)), "The field " & MasterCMCopy!$C17 & ", " & MasterCMCopy!$D17 & ", specifies information to generate the URI of the masked property","") | S17: =IF(AND(LEFT(MasterCMCopy!$C17,6)="BT-195", OR(MasterCMCopy!$O17<>MasterCMCopy!$O16,$G17<>$G16,$H17<>$H16)),MasterCMCopy!$O17,"") | T17: =IFERROR(__xludf.DUMMYFUNCTION("IF(AND(LEFT(MasterCMCopy!$C17,6)=""BT-195"", MasterCMCopy!$O17<>MasterCMCopy!$O16),IFNA(REGEXEXTRACT(MasterCMCopy!$Y17,""<(.*)>""),""UNKNOWN""),"""")"),"") | U17: =IF(AND(LEFT(MasterCMCopy!$C17,6)="BT-197", MasterCMCopy!$C17<>MasterCMCopy!$C16),MasterCMCopy!$C17,"") | V17: =IF(AND(LEFT(MasterCMCopy!$C17,6)="BT-197", MasterCMCopy!$C17<>MasterCMCopy!$C16), "In " & MasterCMCopy!$C17 & ", " & MasterCMCopy!$D17 & ", we link to the at-voc:non-publication-justification controlled list","") | W17: =IF(AND(LEFT(MasterCMCopy!$C17,6)="BT-198", MasterCMCopy!$C17<>MasterCMCopy!$C16),MasterCMCopy!$C17,"") | X17: =IF(AND(LEFT(MasterCMCopy!$C17,6)="BT-198", MasterCMCopy!$C17<>MasterCMCopy!$C16), MasterCMCopy!$D17 & IF(AND(MasterCMCopy!$C17=MasterCMCopy!$C18, MasterCMCopy!$D17<>MasterCMCopy!$D18), (" (" & MasterCMCopy!$D18 & " below SDK 1.6)"), ""),"") | Y17: =REPLACE($B17, 1, LEN("tedm:MG"), "tedm:MG-langString-hasConfidentialityJustification-") -> tedm:MG-langString-hasConfidentialityJustification--NonPublishedInformation-ND-ProcedureAcceleratedUnpublish | Z17: =IF($E17="", "", $E17 & "/efbc:ReasonDescription") | AA17: =IF(AND(LEFT(MasterCMCopy!$C17,6)="BT-196", MasterCMCopy!$C17<>MasterCMCopy!$C16),MasterCMCopy!$C17,"") | AB17: =IF(AND(LEFT(MasterCMCopy!$C17,6)="BT-196", MasterCMCopy!$C17<>MasterCMCopy!$C16), MasterCMCopy!$D17 & " of " & MasterCMCopy!$L17 & " under " & MasterCMCopy!$I17,"") | AC17: =IF($AA17="", "", $AA17 & "-Language") | AD17: =IF($AB17="", "", "Language of " & $AB17)
A18: =IF(B18="---",B18, IF(D18="", "", D18 & (IF($I18, "_v" & IF($G18="", "1.3", $G18) & IF($H18="", "+", "-" & $H18), "") & ".rml.ttl"))) | B18: =IF(MasterCMCopy!$X18="","---", "tedm:" & IF(LEFT(MasterCMCopy!$C18, 3)="ND-", IF(LEFT(MasterCMCopy!$C22, 3)="ND-", MasterCMCopy!$L24, MasterCMCopy!$L22) & "-" & MasterCMCopy!$C18, MasterCMCopy!$L18 & "-" & MasterCMCopy!$I18)) -> tedm:MG-NonPublishedInformation-ND-ProcedureAcceleratedUnpublish | C18: =IF(AND(LEFT(MasterCMCopy!$C18,6)="BT-195", OR(LEFT(MasterCMCopy!$C17,3)="ND-",$B18<>$B17)),MasterCMCopy!$L18,"") -> MG-NonPublishedInformation | D18: =IF(AND(LEFT(MasterCMCopy!$C18,3)="ND-", OR(MasterCMCopy!$N18<>MasterCMCopy!$N17, MasterCMCopy!$P18<>MasterCMCopy!$P17)),MasterCMCopy!$C18,"") | E18: =IF(AND(LEFT(MasterCMCopy!$C18,3)="ND-", OR(MasterCMCopy!$N18<>MasterCMCopy!$N17, MasterCMCopy!$P18<>MasterCMCopy!$P17)),MasterCMCopy!$N18,"") | F18: =IFERROR(__xludf.DUMMYFUNCTION("IF($E18="""", """", REGEXEXTRACT($E18,""efbc:FieldIdentifierCode[^\]]+""))"),"") | G18: =MasterCMCopy!A18 -> 1.4 | H18: =MasterCMCopy!B18 | J18: =IF(LEFT(MasterCMCopy!$C18,3)="ND-", IF(LEFT(MasterCMCopy!$X18,10)<>"epo:NonPub", MasterCMCopy!$L18, IF(RIGHT(MasterCMCopy!$X18,13)="epo:Procedure", "MG-Procedure", "")), "") | K18: =IF(J18="", "", IF(J18="MG-Procedure", "ND-Root", MasterCMCopy!H18)) | L18: =IF($J18="", "", MasterCMCopy!$C18 & " (concernsMaskedObject)") | M18: =IFERROR(__xludf.DUMMYFUNCTION("IF($J18="""", """", ""Connection from NonPublishedInformation to "" & REGEXEXTRACT(MasterCMCopy!$X18, "".*:(.*)"") & "" under "" & $J18 & ""_"" & $K18)"),"") | N18: =IF(J18="", "", "tedm:" & J18 & "_" & K18) | O18: =IFERROR(__xludf.DUMMYFUNCTION("IF($J18="""", """", IF($J18=""MG-Procedure"", """", REGEXREPLACE(MasterCMCopy!$P18,""\[[^\]]+\]"","""")))"),"") | P18: =IFERROR(__xludf.DUMMYFUNCTION("REGEXREPLACE($O18,""[^/]+"","".."")"),"") | Q18: =IF(AND(LEFT(MasterCMCopy!$C18,6)="BT-195", OR(MasterCMCopy!$O18<>MasterCMCopy!$O17,$G18<>$G17,$H18<>$H17)),MasterCMCopy!$C18,"") -> BT-195(BT-106)-Procedure | R18: =IF(AND(LEFT(MasterCMCopy!$C18,6)="BT-195", OR(MasterCMCopy!$O18<>MasterCMCopy!$O17,$G18<>$G17,$H18<>$H17)), "The field " & MasterCMCopy!$C18 & ", " & MasterCMCopy!$D18 & ", specifies information to generate the URI of the masked property","") -> The field BT-195(BT-106)-Procedure, Unpublished Identifier, specifies information to generate the URI of the masked property | S18: =IF(AND(LEFT(MasterCMCopy!$C18,6)="BT-195", OR(MasterCMCopy!$O18<>MasterCMCopy!$O17,$G18<>$G17,$H18<>$H17)),MasterCMCopy!$O18,"") -> efbc:FieldIdentifierCode/text() = 'pro-acc' | T18: =IFERROR(__xludf.DUMMYFUNCTION("IF(AND(LEFT(MasterCMCopy!$C18,6)=""BT-195"", MasterCMCopy!$O18<>MasterCMCopy!$O17),IFNA(REGEXEXTRACT(MasterCMCopy!$Y18,""<(.*)>""),""UNKNOWN""),"""")"),"http://data.europa.eu/a4g/ontology#isAccelerated") -> http://data.europa.eu/a4g/ontology#isAccelerated | U18: =IF(AND(LEFT(MasterCMCopy!$C18,6)="BT-197", MasterCMCopy!$C18<>MasterCMCopy!$C17),MasterCMCopy!$C18,"") | V18: =IF(AND(LEFT(MasterCMCopy!$C18,6)="BT-197", MasterCMCopy!$C18<>MasterCMCopy!$C17), "In " & MasterCMCopy!$C18 & ", " & MasterCMCopy!$D18 & ", we link to the at-voc:non-publication-justification controlled list","") | W18: =IF(AND(LEFT(MasterCMCopy!$C18,6)="BT-198", MasterCMCopy!$C18<>MasterCMCopy!$C17),MasterCMCopy!$C18,"") | X18: =IF(AND(LEFT(MasterCMCopy!$C18,6)="BT-198", MasterCMCopy!$C18<>MasterCMCopy!$C17), MasterCMCopy!$D18 & IF(AND(MasterCMCopy!$C18=MasterCMCopy!$C19, MasterCMCopy!$D18<>MasterCMCopy!$D19), (" (" & MasterCMCopy!$D19 & " below SDK 1.6)"), ""),"") | Y18: =REPLACE($B18, 1, LEN("tedm:MG"), "tedm:MG-langString-hasConfidentialityJustification-") -> tedm:MG-langString-hasConfidentialityJustification--NonPublishedInformation-ND-ProcedureAcceleratedUnpublish | Z18: =IF($E18="", "", $E18 & "/efbc:ReasonDescription") | AA18: =IF(AND(LEFT(MasterCMCopy!$C18,6)="BT-196", MasterCMCopy!$C18<>MasterCMCopy!$C17),MasterCMCopy!$C18,"") | AB18: =IF(AND(LEFT(MasterCMCopy!$C18,6)="BT-196", MasterCMCopy!$C18<>MasterCMCopy!$C17), MasterCMCopy!$D18 & " of " & MasterCMCopy!$L18 & " under " & MasterCMCopy!$I18,"") | AC18: =IF($AA18="", "", $AA18 & "-Language") | AD18: =IF($AB18="", "", "Language of " & $AB18)
A19: =IF(B19="---",B19, IF(D19="", "", D19 & (IF($I19, "_v" & IF($G19="", "1.3", $G19) & IF($H19="", "+", "-" & $H19), "") & ".rml.ttl"))) | B19: =IF(MasterCMCopy!$X19="","---", "tedm:" & IF(LEFT(MasterCMCopy!$C19, 3)="ND-", IF(LEFT(MasterCMCopy!$C23, 3)="ND-", MasterCMCopy!$L25, MasterCMCopy!$L23) & "-" & MasterCMCopy!$C19, MasterCMCopy!$L19 & "-" & MasterCMCopy!$I19)) -> tedm:MG-NonPublishedInformation-ND-ProcedureAcceleratedUnpublish | C19: =IF(AND(LEFT(MasterCMCopy!$C19,6)="BT-195", OR(LEFT(MasterCMCopy!$C18,3)="ND-",$B19<>$B18)),MasterCMCopy!$L19,"") | D19: =IF(AND(LEFT(MasterCMCopy!$C19,3)="ND-", OR(MasterCMCopy!$N19<>MasterCMCopy!$N18, MasterCMCopy!$P19<>MasterCMCopy!$P18)),MasterCMCopy!$C19,"") | E19: =IF(AND(LEFT(MasterCMCopy!$C19,3)="ND-", OR(MasterCMCopy!$N19<>MasterCMCopy!$N18, MasterCMCopy!$P19<>MasterCMCopy!$P18)),MasterCMCopy!$N19,"") | F19: =IFERROR(__xludf.DUMMYFUNCTION("IF($E19="""", """", REGEXEXTRACT($E19,""efbc:FieldIdentifierCode[^\]]+""))"),"") | G19: =MasterCMCopy!A19 -> 1.4 | H19: =MasterCMCopy!B19 | J19: =IF(LEFT(MasterCMCopy!$C19,3)="ND-", IF(LEFT(MasterCMCopy!$X19,10)<>"epo:NonPub", MasterCMCopy!$L19, IF(RIGHT(MasterCMCopy!$X19,13)="epo:Procedure", "MG-Procedure", "")), "") | K19: =IF(J19="", "", IF(J19="MG-Procedure", "ND-Root", MasterCMCopy!H19)) | L19: =IF($J19="", "", MasterCMCopy!$C19 & " (concernsMaskedObject)") | M19: =IFERROR(__xludf.DUMMYFUNCTION("IF($J19="""", """", ""Connection from NonPublishedInformation to "" & REGEXEXTRACT(MasterCMCopy!$X19, "".*:(.*)"") & "" under "" & $J19 & ""_"" & $K19)"),"") | N19: =IF(J19="", "", "tedm:" & J19 & "_" & K19) | O19: =IFERROR(__xludf.DUMMYFUNCTION("IF($J19="""", """", IF($J19=""MG-Procedure"", """", REGEXREPLACE(MasterCMCopy!$P19,""\[[^\]]+\]"","""")))"),"") | P19: =IFERROR(__xludf.DUMMYFUNCTION("REGEXREPLACE($O19,""[^/]+"","".."")"),"") | Q19: =IF(AND(LEFT(MasterCMCopy!$C19,6)="BT-195", OR(MasterCMCopy!$O19<>MasterCMCopy!$O18,$G19<>$G18,$H19<>$H18)),MasterCMCopy!$C19,"") | R19: =IF(AND(LEFT(MasterCMCopy!$C19,6)="BT-195", OR(MasterCMCopy!$O19<>MasterCMCopy!$O18,$G19<>$G18,$H19<>$H18)), "The field " & MasterCMCopy!$C19 & ", " & MasterCMCopy!$D19 & ", specifies information to generate the URI of the masked property","") | S19: =IF(AND(LEFT(MasterCMCopy!$C19,6)="BT-195", OR(MasterCMCopy!$O19<>MasterCMCopy!$O18,$G19<>$G18,$H19<>$H18)),MasterCMCopy!$O19,"") | T19: =IFERROR(__xludf.DUMMYFUNCTION("IF(AND(LEFT(MasterCMCopy!$C19,6)=""BT-195"", MasterCMCopy!$O19<>MasterCMCopy!$O18),IFNA(REGEXEXTRACT(MasterCMCopy!$Y19,""<(.*)>""),""UNKNOWN""),"""")"),"") | U19: =IF(AND(LEFT(MasterCMCopy!$C19,6)="BT-197", MasterCMCopy!$C19<>MasterCMCopy!$C18),MasterCMCopy!$C19,"") | V19: =IF(AND(LEFT(MasterCMCopy!$C19,6)="BT-197", MasterCMCopy!$C19<>MasterCMCopy!$C18), "In " & MasterCMCopy!$C19 & ", " & MasterCMCopy!$D19 & ", we link to the at-voc:non-publication-justification controlled list","") | W19: =IF(AND(LEFT(MasterCMCopy!$C19,6)="BT-198", MasterCMCopy!$C19<>MasterCMCopy!$C18),MasterCMCopy!$C19,"") | X19: =IF(AND(LEFT(MasterCMCopy!$C19,6)="BT-198", MasterCMCopy!$C19<>MasterCMCopy!$C18), MasterCMCopy!$D19 & IF(AND(MasterCMCopy!$C19=MasterCMCopy!$C20, MasterCMCopy!$D19<>MasterCMCopy!$D20), (" (" & MasterCMCopy!$D20 & " below SDK 1.6)"), ""),"") | Y19: =REPLACE($B19, 1, LEN("tedm:MG"), "tedm:MG-langString-hasConfidentialityJustification-") -> tedm:MG-langString-hasConfidentialityJustification--NonPublishedInformation-ND-ProcedureAcceleratedUnpublish | Z19: =IF($E19="", "", $E19 & "/efbc:ReasonDescription") | AA19: =IF(AND(LEFT(MasterCMCopy!$C19,6)="BT-196", MasterCMCopy!$C19<>MasterCMCopy!$C18),MasterCMCopy!$C19,"") -> BT-196(BT-106)-Procedure | AB19: =IF(AND(LEFT(MasterCMCopy!$C19,6)="BT-196", MasterCMCopy!$C19<>MasterCMCopy!$C18), MasterCMCopy!$D19 & " of " & MasterCMCopy!$L19 & " under " & MasterCMCopy!$I19,"") -> Unpublished Justification Description of MG-NonPublishedInformation under ND-ProcedureAcceleratedUnpublish | AC19: =IF($AA19="", "", $AA19 & "-Language") -> BT-196(BT-106)-Procedure-Language | AD19: =IF($AB19="", "", "Language of " & $AB19) -> Language of Unpublished Justification Description of MG-NonPublishedInformation under ND-ProcedureAcceleratedUnpublish
A20: =IF(B20="---",B20, IF(D20="", "", D20 & (IF($I20, "_v" & IF($G20="", "1.3", $G20) & IF($H20="", "+", "-" & $H20), "") & ".rml.ttl"))) | B20: =IF(MasterCMCopy!$X20="","---", "tedm:" & IF(LEFT(MasterCMCopy!$C20, 3)="ND-", IF(LEFT(MasterCMCopy!$C24, 3)="ND-", MasterCMCopy!$L26, MasterCMCopy!$L24) & "-" & MasterCMCopy!$C20, MasterCMCopy!$L20 & "-" & MasterCMCopy!$I20)) -> tedm:MG-NonPublishedInformation-ND-ProcedureAcceleratedUnpublish | C20: =IF(AND(LEFT(MasterCMCopy!$C20,6)="BT-195", OR(LEFT(MasterCMCopy!$C19,3)="ND-",$B20<>$B19)),MasterCMCopy!$L20,"") | D20: =IF(AND(LEFT(MasterCMCopy!$C20,3)="ND-", OR(MasterCMCopy!$N20<>MasterCMCopy!$N19, MasterCMCopy!$P20<>MasterCMCopy!$P19)),MasterCMCopy!$C20,"") | E20: =IF(AND(LEFT(MasterCMCopy!$C20,3)="ND-", OR(MasterCMCopy!$N20<>MasterCMCopy!$N19, MasterCMCopy!$P20<>MasterCMCopy!$P19)),MasterCMCopy!$N20,"") | F20: =IFERROR(__xludf.DUMMYFUNCTION("IF($E20="""", """", REGEXEXTRACT($E20,""efbc:FieldIdentifierCode[^\]]+""))"),"") | G20: =MasterCMCopy!A20 -> 1.4 | H20: =MasterCMCopy!B20 | J20: =IF(LEFT(MasterCMCopy!$C20,3)="ND-", IF(LEFT(MasterCMCopy!$X20,10)<>"epo:NonPub", MasterCMCopy!$L20, IF(RIGHT(MasterCMCopy!$X20,13)="epo:Procedure", "MG-Procedure", "")), "") | K20: =IF(J20="", "", IF(J20="MG-Procedure", "ND-Root", MasterCMCopy!H20)) | L20: =IF($J20="", "", MasterCMCopy!$C20 & " (concernsMaskedObject)") | M20: =IFERROR(__xludf.DUMMYFUNCTION("IF($J20="""", """", ""Connection from NonPublishedInformation to "" & REGEXEXTRACT(MasterCMCopy!$X20, "".*:(.*)"") & "" under "" & $J20 & ""_"" & $K20)"),"") | N20: =IF(J20="", "", "tedm:" & J20 & "_" & K20) | O20: =IFERROR(__xludf.DUMMYFUNCTION("IF($J20="""", """", IF($J20=""MG-Procedure"", """", REGEXREPLACE(MasterCMCopy!$P20,""\[[^\]]+\]"","""")))"),"") | P20: =IFERROR(__xludf.DUMMYFUNCTION("REGEXREPLACE($O20,""[^/]+"","".."")"),"") | Q20: =IF(AND(LEFT(MasterCMCopy!$C20,6)="BT-195", OR(MasterCMCopy!$O20<>MasterCMCopy!$O19,$G20<>$G19,$H20<>$H19)),MasterCMCopy!$C20,"") | R20: =IF(AND(LEFT(MasterCMCopy!$C20,6)="BT-195", OR(MasterCMCopy!$O20<>MasterCMCopy!$O19,$G20<>$G19,$H20<>$H19)), "The field " & MasterCMCopy!$C20 & ", " & MasterCMCopy!$D20 & ", specifies information to generate the URI of the masked property","") | S20: =IF(AND(LEFT(MasterCMCopy!$C20,6)="BT-195", OR(MasterCMCopy!$O20<>MasterCMCopy!$O19,$G20<>$G19,$H20<>$H19)),MasterCMCopy!$O20,"") | T20: =IFERROR(__xludf.DUMMYFUNCTION("IF(AND(LEFT(MasterCMCopy!$C20,6)=""BT-195"", MasterCMCopy!$O20<>MasterCMCopy!$O19),IFNA(REGEXEXTRACT(MasterCMCopy!$Y20,""<(.*)>""),""UNKNOWN""),"""")"),"") | U20: =IF(AND(LEFT(MasterCMCopy!$C20,6)="BT-197", MasterCMCopy!$C20<>MasterCMCopy!$C19),MasterCMCopy!$C20,"") -> BT-197(BT-106)-Procedure | V20: =IF(AND(LEFT(MasterCMCopy!$C20,6)="BT-197", MasterCMCopy!$C20<>MasterCMCopy!$C19), "In " & MasterCMCopy!$C20 & ", " & MasterCMCopy!$D20 & ", we link to the at-voc:non-publication-justification controlled list","") -> In BT-197(BT-106)-Procedure, Unpublished Justification Code, we link to the at-voc:non-publication-justification controlled list | W20: =IF(AND(LEFT(MasterCMCopy!$C20,6)="BT-198", MasterCMCopy!$C20<>MasterCMCopy!$C19),MasterCMCopy!$C20,"") | X20: =IF(AND(LEFT(MasterCMCopy!$C20,6)="BT-198", MasterCMCopy!$C20<>MasterCMCopy!$C19), MasterCMCopy!$D20 & IF(AND(MasterCMCopy!$C20=MasterCMCopy!$C21, MasterCMCopy!$D20<>MasterCMCopy!$D21), (" (" & MasterCMCopy!$D21 & " below SDK 1.6)"), ""),"") | Y20: =REPLACE($B20, 1, LEN("tedm:MG"), "tedm:MG-langString-hasConfidentialityJustification-") -> tedm:MG-langString-hasConfidentialityJustification--NonPublishedInformation-ND-ProcedureAcceleratedUnpublish | Z20: =IF($E20="", "", $E20 & "/efbc:ReasonDescription") | AA20: =IF(AND(LEFT(MasterCMCopy!$C20,6)="BT-196", MasterCMCopy!$C20<>MasterCMCopy!$C19),MasterCMCopy!$C20,"") | AB20: =IF(AND(LEFT(MasterCMCopy!$C20,6)="BT-196", MasterCMCopy!$C20<>MasterCMCopy!$C19), MasterCMCopy!$D20 & " of " & MasterCMCopy!$L20 & " under " & MasterCMCopy!$I20,"") | AC20: =IF($AA20="", "", $AA20 & "-Language") | AD20: =IF($AB20="", "", "Language of " & $AB20)
A21: =IF(B21="---",B21, IF(D21="", "", D21 & (IF($I21, "_v" & IF($G21="", "1.3", $G21) & IF($H21="", "+", "-" & $H21), "") & ".rml.ttl"))) | B21: =IF(MasterCMCopy!$X21="","---", "tedm:" & IF(LEFT(MasterCMCopy!$C21, 3)="ND-", IF(LEFT(MasterCMCopy!$C25, 3)="ND-", MasterCMCopy!$L27, MasterCMCopy!$L25) & "-" & MasterCMCopy!$C21, MasterCMCopy!$L21 & "-" & MasterCMCopy!$I21)) -> tedm:MG-NonPublishedInformation-ND-ProcedureAcceleratedUnpublish | C21: =IF(AND(LEFT(MasterCMCopy!$C21,6)="BT-195", OR(LEFT(MasterCMCopy!$C20,3)="ND-",$B21<>$B20)),MasterCMCopy!$L21,"") | D21: =IF(AND(LEFT(MasterCMCopy!$C21,3)="ND-", OR(MasterCMCopy!$N21<>MasterCMCopy!$N20, MasterCMCopy!$P21<>MasterCMCopy!$P20)),MasterCMCopy!$C21,"") | E21: =IF(AND(LEFT(MasterCMCopy!$C21,3)="ND-", OR(MasterCMCopy!$N21<>MasterCMCopy!$N20, MasterCMCopy!$P21<>MasterCMCopy!$P20)),MasterCMCopy!$N21,"") | F21: =IFERROR(__xludf.DUMMYFUNCTION("IF($E21="""", """", REGEXEXTRACT($E21,""efbc:FieldIdentifierCode[^\]]+""))"),"") | G21: =MasterCMCopy!A21 -> 1.4 | H21: =MasterCMCopy!B21 -> 1.5 | J21: =IF(LEFT(MasterCMCopy!$C21,3)="ND-", IF(LEFT(MasterCMCopy!$X21,10)<>"epo:NonPub", MasterCMCopy!$L21, IF(RIGHT(MasterCMCopy!$X21,13)="epo:Procedure", "MG-Procedure", "")), "") | K21: =IF(J21="", "", IF(J21="MG-Procedure", "ND-Root", MasterCMCopy!H21)) | L21: =IF($J21="", "", MasterCMCopy!$C21 & " (concernsMaskedObject)") | M21: =IFERROR(__xludf.DUMMYFUNCTION("IF($J21="""", """", ""Connection from NonPublishedInformation to "" & REGEXEXTRACT(MasterCMCopy!$X21, "".*:(.*)"") & "" under "" & $J21 & ""_"" & $K21)"),"") | N21: =IF(J21="", "", "tedm:" & J21 & "_" & K21) | O21: =IFERROR(__xludf.DUMMYFUNCTION("IF($J21="""", """", IF($J21=""MG-Procedure"", """", REGEXREPLACE(MasterCMCopy!$P21,""\[[^\]]+\]"","""")))"),"") | P21: =IFERROR(__xludf.DUMMYFUNCTION("REGEXREPLACE($O21,""[^/]+"","".."")"),"") | Q21: =IF(AND(LEFT(MasterCMCopy!$C21,6)="BT-195", OR(MasterCMCopy!$O21<>MasterCMCopy!$O20,$G21<>$G20,$H21<>$H20)),MasterCMCopy!$C21,"") | R21: =IF(AND(LEFT(MasterCMCopy!$C21,6)="BT-195", OR(MasterCMCopy!$O21<>MasterCMCopy!$O20,$G21<>$G20,$H21<>$H20)), "The field " & MasterCMCopy!$C21 & ", " & MasterCMCopy!$D21 & ", specifies information to generate the URI of the masked property","") | S21: =IF(AND(LEFT(MasterCMCopy!$C21,6)="BT-195", OR(MasterCMCopy!$O21<>MasterCMCopy!$O20,$G21<>$G20,$H21<>$H20)),MasterCMCopy!$O21,"") | T21: =IFERROR(__xludf.DUMMYFUNCTION("IF(AND(LEFT(MasterCMCopy!$C21,6)=""BT-195"", MasterCMCopy!$O21<>MasterCMCopy!$O20),IFNA(REGEXEXTRACT(MasterCMCopy!$Y21,""<(.*)>""),""UNKNOWN""),"""")"),"") | U21: =IF(AND(LEFT(MasterCMCopy!$C21,6)="BT-197", MasterCMCopy!$C21<>MasterCMCopy!$C20),MasterCMCopy!$C21,"") | V21: =IF(AND(LEFT(MasterCMCopy!$C21,6)="BT-197", MasterCMCopy!$C21<>MasterCMCopy!$C20), "In " & MasterCMCopy!$C21 & ", " & MasterCMCopy!$D21 & ", we link to the at-voc:non-publication-justification controlled list","") | W21: =IF(AND(LEFT(MasterCMCopy!$C21,6)="BT-198", MasterCMCopy!$C21<>MasterCMCopy!$C20),MasterCMCopy!$C21,"") -> BT-198(BT-106)-Procedure | X21: =IF(AND(LEFT(MasterCMCopy!$C21,6)="BT-198", MasterCMCopy!$C21<>MasterCMCopy!$C20), MasterCMCopy!$D21 & IF(AND(MasterCMCopy!$C21=MasterCMCopy!$C22, MasterCMCopy!$D21<>MasterCMCopy!$D22), (" (" & MasterCMCopy!$D22 & " below SDK 1.6)"), ""),"") -> Unpublished Accessibility Date (Unpublished Access Date below SDK 1.6) | Y21: =REPLACE($B21, 1, LEN("tedm:MG"), "tedm:MG-langString-hasConfidentialityJustification-") -> tedm:MG-langString-hasConfidentialityJustification--NonPublishedInformation-ND-ProcedureAcceleratedUnpublish | Z21: =IF($E21="", "", $E21 & "/efbc:ReasonDescription") | AA21: =IF(AND(LEFT(MasterCMCopy!$C21,6)="BT-196", MasterCMCopy!$C21<>MasterCMCopy!$C20),MasterCMCopy!$C21,"") | AB21: =IF(AND(LEFT(MasterCMCopy!$C21,6)="BT-196", MasterCMCopy!$C21<>MasterCMCopy!$C20), MasterCMCopy!$D21 & " of " & MasterCMCopy!$L21 & " under " & MasterCMCopy!$I21,"") | AC21: =IF($AA21="", "", $AA21 & "-Language") | AD21: =IF($AB21="", "", "Language of " & $AB21)
A22: =IF(B22="---",B22, IF(D22="", "", D22 & (IF($I22, "_v" & IF($G22="", "1.3", $G22) & IF($H22="", "+", "-" & $H22), "") & ".rml.ttl"))) | B22: =IF(MasterCMCopy!$X22="","---", "tedm:" & IF(LEFT(MasterCMCopy!$C22, 3)="ND-", IF(LEFT(MasterCMCopy!$C26, 3)="ND-", MasterCMCopy!$L28, MasterCMCopy!$L26) & "-" & MasterCMCopy!$C22, MasterCMCopy!$L22 & "-" & MasterCMCopy!$I22)) -> tedm:MG-NonPublishedInformation-ND-ProcedureAcceleratedUnpublish | C22: =IF(AND(LEFT(MasterCMCopy!$C22,6)="BT-195", OR(LEFT(MasterCMCopy!$C21,3)="ND-",$B22<>$B21)),MasterCMCopy!$L22,"") | D22: =IF(AND(LEFT(MasterCMCopy!$C22,3)="ND-", OR(MasterCMCopy!$N22<>MasterCMCopy!$N21, MasterCMCopy!$P22<>MasterCMCopy!$P21)),MasterCMCopy!$C22,"") | E22: =IF(AND(LEFT(MasterCMCopy!$C22,3)="ND-", OR(MasterCMCopy!$N22<>MasterCMCopy!$N21, MasterCMCopy!$P22<>MasterCMCopy!$P21)),MasterCMCopy!$N22,"") | F22: =IFERROR(__xludf.DUMMYFUNCTION("IF($E22="""", """", REGEXEXTRACT($E22,""efbc:FieldIdentifierCode[^\]]+""))"),"") | G22: =MasterCMCopy!A22 -> 1.6 | H22: =MasterCMCopy!B22 | J22: =IF(LEFT(MasterCMCopy!$C22,3)="ND-", IF(LEFT(MasterCMCopy!$X22,10)<>"epo:NonPub", MasterCMCopy!$L22, IF(RIGHT(MasterCMCopy!$X22,13)="epo:Procedure", "MG-Procedure", "")), "") | K22: =IF(J22="", "", IF(J22="MG-Procedure", "ND-Root", MasterCMCopy!H22)) | L22: =IF($J22="", "", MasterCMCopy!$C22 & " (concernsMaskedObject)") | M22: =IFERROR(__xludf.DUMMYFUNCTION("IF($J22="""", """", ""Connection from NonPublishedInformation to "" & REGEXEXTRACT(MasterCMCopy!$X22, "".*:(.*)"") & "" under "" & $J22 & ""_"" & $K22)"),"") | N22: =IF(J22="", "", "tedm:" & J22 & "_" & K22) | O22: =IFERROR(__xludf.DUMMYFUNCTION("IF($J22="""", """", IF($J22=""MG-Procedure"", """", REGEXREPLACE(MasterCMCopy!$P22,""\[[^\]]+\]"","""")))"),"") | P22: =IFERROR(__xludf.DUMMYFUNCTION("REGEXREPLACE($O22,""[^/]+"","".."")"),"") | Q22: =IF(AND(LEFT(MasterCMCopy!$C22,6)="BT-195", OR(MasterCMCopy!$O22<>MasterCMCopy!$O21,$G22<>$G21,$H22<>$H21)),MasterCMCopy!$C22,"") | R22: =IF(AND(LEFT(MasterCMCopy!$C22,6)="BT-195", OR(MasterCMCopy!$O22<>MasterCMCopy!$O21,$G22<>$G21,$H22<>$H21)), "The field " & MasterCMCopy!$C22 & ", " & MasterCMCopy!$D22 & ", specifies information to generate the URI of the masked property","") | S22: =IF(AND(LEFT(MasterCMCopy!$C22,6)="BT-195", OR(MasterCMCopy!$O22<>MasterCMCopy!$O21,$G22<>$G21,$H22<>$H21)),MasterCMCopy!$O22,"") | T22: =IFERROR(__xludf.DUMMYFUNCTION("IF(AND(LEFT(MasterCMCopy!$C22,6)=""BT-195"", MasterCMCopy!$O22<>MasterCMCopy!$O21),IFNA(REGEXEXTRACT(MasterCMCopy!$Y22,""<(.*)>""),""UNKNOWN""),"""")"),"") | U22: =IF(AND(LEFT(MasterCMCopy!$C22,6)="BT-197", MasterCMCopy!$C22<>MasterCMCopy!$C21),MasterCMCopy!$C22,"") | V22: =IF(AND(LEFT(MasterCMCopy!$C22,6)="BT-197", MasterCMCopy!$C22<>MasterCMCopy!$C21), "In " & MasterCMCopy!$C22 & ", " & MasterCMCopy!$D22 & ", we link to the at-voc:non-publication-justification controlled list","") | W22: =IF(AND(LEFT(MasterCMCopy!$C22,6)="BT-198", MasterCMCopy!$C22<>MasterCMCopy!$C21),MasterCMCopy!$C22,"") | X22: =IF(AND(LEFT(MasterCMCopy!$C22,6)="BT-198", MasterCMCopy!$C22<>MasterCMCopy!$C21), MasterCMCopy!$D22 & IF(AND(MasterCMCopy!$C22=MasterCMCopy!$C23, MasterCMCopy!$D22<>MasterCMCopy!$D23), (" (" & MasterCMCopy!$D23 & " below SDK 1.6)"), ""),"") | Y22: =REPLACE($B22, 1, LEN("tedm:MG"), "tedm:MG-langString-hasConfidentialityJustification-") -> tedm:MG-langString-hasConfidentialityJustification--NonPublishedInformation-ND-ProcedureAcceleratedUnpublish | Z22: =IF($E22="", "", $E22 & "/efbc:ReasonDescription") | AA22: =IF(AND(LEFT(MasterCMCopy!$C22,6)="BT-196", MasterCMCopy!$C22<>MasterCMCopy!$C21),MasterCMCopy!$C22,"") | AB22: =IF(AND(LEFT(MasterCMCopy!$C22,6)="BT-196", MasterCMCopy!$C22<>MasterCMCopy!$C21), MasterCMCopy!$D22 & " of " & MasterCMCopy!$L22 & " under " & MasterCMCopy!$I22,"") | AC22: =IF($AA22="", "", $AA22 & "-Language") | AD22: =IF($AB22="", "", "Language of " & $AB22)
A23: =IF(B23="---",B23, IF(D23="", "", D23 & (IF($I23, "_v" & IF($G23="", "1.3", $G23) & IF($H23="", "+", "-" & $H23), "") & ".rml.ttl"))) -> ND-ProcedureAcceleratedJustificationUnpublish.rml.ttl | B23: =IF(MasterCMCopy!$X23="","---", "tedm:" & IF(LEFT(MasterCMCopy!$C23, 3)="ND-", IF(LEFT(MasterCMCopy!$C27, 3)="ND-", MasterCMCopy!$L29, MasterCMCopy!$L27) & "-" & MasterCMCopy!$C23, MasterCMCopy!$L23 & "-" & MasterCMCopy!$I23)) -> tedm:MG-NonPublishedInformation-ND-ProcedureAcceleratedJustificationUnpublish | C23: =IF(AND(LEFT(MasterCMCopy!$C23,6)="BT-195", OR(LEFT(MasterCMCopy!$C22,3)="ND-",$B23<>$B22)),MasterCMCopy!$L23,"") | D23: =IF(AND(LEFT(MasterCMCopy!$C23,3)="ND-", OR(MasterCMCopy!$N23<>MasterCMCopy!$N22, MasterCMCopy!$P23<>MasterCMCopy!$P22)),MasterCMCopy!$C23,"") -> ND-ProcedureAcceleratedJustificationUnpublish | E23: =IF(AND(LEFT(MasterCMCopy!$C23,3)="ND-", OR(MasterCMCopy!$N23<>MasterCMCopy!$N22, MasterCMCopy!$P23<>MasterCMCopy!$P22)),MasterCMCopy!$N23,"") -> /*/cac:TenderingProcess/cac:ProcessJustification[cbc:ProcessReasonCode/@listName='accelerated-procedure']/ext:UBLExtensions/ext:UBLExtension/ext:ExtensionContent/efext:EformsExtension/efac:FieldsPrivacy[efbc:FieldIdentifierCode/text()='pro-acc-jus'] | F23: =IFERROR(__xludf.DUMMYFUNCTION("IF($E23="""", """", REGEXEXTRACT($E23,""efbc:FieldIdentifierCode[^\]]+""))"),"efbc:FieldIdentifierCode/text()='pro-acc-jus'") -> efbc:FieldIdentifierCode/text()='pro-acc-jus' | G23: =MasterCMCopy!A23 -> 1.4 | H23: =MasterCMCopy!B23 | J23: =IF(LEFT(MasterCMCopy!$C23,3)="ND-", IF(LEFT(MasterCMCopy!$X23,10)<>"epo:NonPub", MasterCMCopy!$L23, IF(RIGHT(MasterCMCopy!$X23,13)="epo:Procedure", "MG-Procedure", "")), "") -> MG-Procedure | K23: =IF(J23="", "", IF(J23="MG-Procedure", "ND-Root", MasterCMCopy!H23)) -> ND-Root | L23: =IF($J23="", "", MasterCMCopy!$C23 & " (concernsMaskedObject)") -> ND-ProcedureAcceleratedJustificationUnpublish (concernsMaskedObject) | M23: =IFERROR(__xludf.DUMMYFUNCTION("IF($J23="""", """", ""Connection from NonPublishedInformation to "" & REGEXEXTRACT(MasterCMCopy!$X23, "".*:(.*)"") & "" under "" & $J23 & ""_"" & $K23)"),"Connection from NonPublishedInformation to Procedure under MG-Procedure_ND-Root") -> Connection from NonPublishedInformation to Procedure under MG-Procedure_ND-Root | N23: =IF(J23="", "", "tedm:" & J23 & "_" & K23) -> tedm:MG-Procedure_ND-Root | O23: =IFERROR(__xludf.DUMMYFUNCTION("IF($J23="""", """", IF($J23=""MG-Procedure"", """", REGEXREPLACE(MasterCMCopy!$P23,""\[[^\]]+\]"","""")))"),"") | P23: =IFERROR(__xludf.DUMMYFUNCTION("REGEXREPLACE($O23,""[^/]+"","".."")"),"") | Q23: =IF(AND(LEFT(MasterCMCopy!$C23,6)="BT-195", OR(MasterCMCopy!$O23<>MasterCMCopy!$O22,$G23<>$G22,$H23<>$H22)),MasterCMCopy!$C23,"") | R23: =IF(AND(LEFT(MasterCMCopy!$C23,6)="BT-195", OR(MasterCMCopy!$O23<>MasterCMCopy!$O22,$G23<>$G22,$H23<>$H22)), "The field " & MasterCMCopy!$C23 & ", " & MasterCMCopy!$D23 & ", specifies information to generate the URI of the masked property","") | S23: =IF(AND(LEFT(MasterCMCopy!$C23,6)="BT-195", OR(MasterCMCopy!$O23<>MasterCMCopy!$O22,$G23<>$G22,$H23<>$H22)),MasterCMCopy!$O23,"") | T23: =IFERROR(__xludf.DUMMYFUNCTION("IF(AND(LEFT(MasterCMCopy!$C23,6)=""BT-195"", MasterCMCopy!$O23<>MasterCMCopy!$O22),IFNA(REGEXEXTRACT(MasterCMCopy!$Y23,""<(.*)>""),""UNKNOWN""),"""")"),"") | U23: =IF(AND(LEFT(MasterCMCopy!$C23,6)="BT-197", MasterCMCopy!$C23<>MasterCMCopy!$C22),MasterCMCopy!$C23,"") | V23: =IF(AND(LEFT(MasterCMCopy!$C23,6)="BT-197", MasterCMCopy!$C23<>MasterCMCopy!$C22), "In " & MasterCMCopy!$C23 & ", " & MasterCMCopy!$D23 & ", we link to the at-voc:non-publication-justification controlled list","") | W23: =IF(AND(LEFT(MasterCMCopy!$C23,6)="BT-198", MasterCMCopy!$C23<>MasterCMCopy!$C22),MasterCMCopy!$C23,"") | X23: =IF(AND(LEFT(MasterCMCopy!$C23,6)="BT-198", MasterCMCopy!$C23<>MasterCMCopy!$C22), MasterCMCopy!$D23 & IF(AND(MasterCMCopy!$C23=MasterCMCopy!$C24, MasterCMCopy!$D23<>MasterCMCopy!$D24), (" (" & MasterCMCopy!$D24 & " below SDK 1.6)"), ""),"") | Y23: =REPLACE($B23, 1, LEN("tedm:MG"), "tedm:MG-langString-hasConfidentialityJustification-") -> tedm:MG-langString-hasConfidentialityJustification--NonPublishedInformation-ND-ProcedureAcceleratedJustificationUnpublish | Z23: =IF($E23="", "", $E23 & "/efbc:ReasonDescription") -> /*/cac:TenderingProcess/cac:ProcessJustification[cbc:ProcessReasonCode/@listName='accelerated-procedure']/ext:UBLExtensions/ext:UBLExtension/ext:ExtensionContent/efext:EformsExtension/efac:FieldsPrivacy[efbc:FieldIdentifierCode/text()='pro-acc-jus']/efbc:ReasonDescription | AA23: =IF(AND(LEFT(MasterCMCopy!$C23,6)="BT-196", MasterCMCopy!$C23<>MasterCMCopy!$C22),MasterCMCopy!$C23,"") | AB23: =IF(AND(LEFT(MasterCMCopy!$C23,6)="BT-196", MasterCMCopy!$C23<>MasterCMCopy!$C22), MasterCMCopy!$D23 & " of " & MasterCMCopy!$L23 & " under " & MasterCMCopy!$I23,"") | AC23: =IF($AA23="", "", $AA23 & "-Language") | AD23: =IF($AB23="", "", "Language of " & $AB23)
A24: =IF(B24="---",B24, IF(D24="", "", D24 & (IF($I24, "_v" & IF($G24="", "1.3", $G24) & IF($H24="", "+", "-" & $H24), "") & ".rml.ttl"))) | B24: =IF(MasterCMCopy!$X24="","---", "tedm:" & IF(LEFT(MasterCMCopy!$C24, 3)="ND-", IF(LEFT(MasterCMCopy!$C28, 3)="ND-", MasterCMCopy!$L30, MasterCMCopy!$L28) & "-" & MasterCMCopy!$C24, MasterCMCopy!$L24 & "-" & MasterCMCopy!$I24)) -> tedm:MG-NonPublishedInformation-ND-ProcedureAcceleratedJustificationUnpublish | C24: =IF(AND(LEFT(MasterCMCopy!$C24,6)="BT-195", OR(LEFT(MasterCMCopy!$C23,3)="ND-",$B24<>$B23)),MasterCMCopy!$L24,"") | D24: =IF(AND(LEFT(MasterCMCopy!$C24,3)="ND-", OR(MasterCMCopy!$N24<>MasterCMCopy!$N23, MasterCMCopy!$P24<>MasterCMCopy!$P23)),MasterCMCopy!$C24,"") | E24: =IF(AND(LEFT(MasterCMCopy!$C24,3)="ND-", OR(MasterCMCopy!$N24<>MasterCMCopy!$N23, MasterCMCopy!$P24<>MasterCMCopy!$P23)),MasterCMCopy!$N24,"") | F24: =IFERROR(__xludf.DUMMYFUNCTION("IF($E24="""", """", REGEXEXTRACT($E24,""efbc:FieldIdentifierCode[^\]]+""))"),"") | G24: =MasterCMCopy!A24 -> 1.4 | H24: =MasterCMCopy!B24 | J24: =IF(LEFT(MasterCMCopy!$C24,3)="ND-", IF(LEFT(MasterCMCopy!$X24,10)<>"epo:NonPub", MasterCMCopy!$L24, IF(RIGHT(MasterCMCopy!$X24,13)="epo:Procedure", "MG-Procedure", "")), "") | K24: =IF(J24="", "", IF(J24="MG-Procedure", "ND-Root", MasterCMCopy!H24)) | L24: =IF($J24="", "", MasterCMCopy!$C24 & " (concernsMaskedObject)") | M24: =IFERROR(__xludf.DUMMYFUNCTION("IF($J24="""", """", ""Connection from NonPublishedInformation to "" & REGEXEXTRACT(MasterCMCopy!$X24, "".*:(.*)"") & "" under "" & $J24 & ""_"" & $K24)"),"") | N24: =IF(J24="", "", "tedm:" & J24 & "_" & K24) | O24: =IFERROR(__xludf.DUMMYFUNCTION("IF($J24="""", """", IF($J24=""MG-Procedure"", """", REGEXREPLACE(MasterCMCopy!$P24,""\[[^\]]+\]"","""")))"),"") | P24: =IFERROR(__xludf.DUMMYFUNCTION("REGEXREPLACE($O24,""[^/]+"","".."")"),"") | Q24: =IF(AND(LEFT(MasterCMCopy!$C24,6)="BT-195", OR(MasterCMCopy!$O24<>MasterCMCopy!$O23,$G24<>$G23,$H24<>$H23)),MasterCMCopy!$C24,"") | R24: =IF(AND(LEFT(MasterCMCopy!$C24,6)="BT-195", OR(MasterCMCopy!$O24<>MasterCMCopy!$O23,$G24<>$G23,$H24<>$H23)), "The field " & MasterCMCopy!$C24 & ", " & MasterCMCopy!$D24 & ", specifies information to generate the URI of the masked property","") | S24: =IF(AND(LEFT(MasterCMCopy!$C24,6)="BT-195", OR(MasterCMCopy!$O24<>MasterCMCopy!$O23,$G24<>$G23,$H24<>$H23)),MasterCMCopy!$O24,"") | T24: =IFERROR(__xludf.DUMMYFUNCTION("IF(AND(LEFT(MasterCMCopy!$C24,6)=""BT-195"", MasterCMCopy!$O24<>MasterCMCopy!$O23),IFNA(REGEXEXTRACT(MasterCMCopy!$Y24,""<(.*)>""),""UNKNOWN""),"""")"),"") | U24: =IF(AND(LEFT(MasterCMCopy!$C24,6)="BT-197", MasterCMCopy!$C24<>MasterCMCopy!$C23),MasterCMCopy!$C24,"") | V24: =IF(AND(LEFT(MasterCMCopy!$C24,6)="BT-197", MasterCMCopy!$C24<>MasterCMCopy!$C23), "In " & MasterCMCopy!$C24 & ", " & MasterCMCopy!$D24 & ", we link to the at-voc:non-publication-justification controlled list","") | W24: =IF(AND(LEFT(MasterCMCopy!$C24,6)="BT-198", MasterCMCopy!$C24<>MasterCMCopy!$C23),MasterCMCopy!$C24,"") | X24: =IF(AND(LEFT(MasterCMCopy!$C24,6)="BT-198", MasterCMCopy!$C24<>MasterCMCopy!$C23), MasterCMCopy!$D24 & IF(AND(MasterCMCopy!$C24=MasterCMCopy!$C25, MasterCMCopy!$D24<>MasterCMCopy!$D25), (" (" & MasterCMCopy!$D25 & " below SDK 1.6)"), ""),"") | Y24: =REPLACE($B24, 1, LEN("tedm:MG"), "tedm:MG-langString-hasConfidentialityJustification-") -> tedm:MG-langString-hasConfidentialityJustification--NonPublishedInformation-ND-ProcedureAcceleratedJustificationUnpublish | Z24: =IF($E24="", "", $E24 & "/efbc:ReasonDescription") | AA24: =IF(AND(LEFT(MasterCMCopy!$C24,6)="BT-196", MasterCMCopy!$C24<>MasterCMCopy!$C23),MasterCMCopy!$C24,"") | AB24: =IF(AND(LEFT(MasterCMCopy!$C24,6)="BT-196", MasterCMCopy!$C24<>MasterCMCopy!$C23), MasterCMCopy!$D24 & " of " & MasterCMCopy!$L24 & " under " & MasterCMCopy!$I24,"") | AC24: =IF($AA24="", "", $AA24 & "-Language") | AD24: =IF($AB24="", "", "Language of " & $AB24)
A25: =IF(B25="---",B25, IF(D25="", "", D25 & (IF($I25, "_v" & IF($G25="", "1.3", $G25) & IF($H25="", "+", "-" & $H25), "") & ".rml.ttl"))) | B25: =IF(MasterCMCopy!$X25="","---", "tedm:" & IF(LEFT(MasterCMCopy!$C25, 3)="ND-", IF(LEFT(MasterCMCopy!$C29, 3)="ND-", MasterCMCopy!$L31, MasterCMCopy!$L29) & "-" & MasterCMCopy!$C25, MasterCMCopy!$L25 & "-" & MasterCMCopy!$I25)) -> tedm:MG-NonPublishedInformation-ND-ProcedureAcceleratedJustificationUnpublish | C25: =IF(AND(LEFT(MasterCMCopy!$C25,6)="BT-195", OR(LEFT(MasterCMCopy!$C24,3)="ND-",$B25<>$B24)),MasterCMCopy!$L25,"") -> MG-NonPublishedInformation | D25: =IF(AND(LEFT(MasterCMCopy!$C25,3)="ND-", OR(MasterCMCopy!$N25<>MasterCMCopy!$N24, MasterCMCopy!$P25<>MasterCMCopy!$P24)),MasterCMCopy!$C25,"") | E25: =IF(AND(LEFT(MasterCMCopy!$C25,3)="ND-", OR(MasterCMCopy!$N25<>MasterCMCopy!$N24, MasterCMCopy!$P25<>MasterCMCopy!$P24)),MasterCMCopy!$N25,"") | F25: =IFERROR(__xludf.DUMMYFUNCTION("IF($E25="""", """", REGEXEXTRACT($E25,""efbc:FieldIdentifierCode[^\]]+""))"),"") | G25: =MasterCMCopy!A25 -> 1.4 | H25: =MasterCMCopy!B25 | J25: =IF(LEFT(MasterCMCopy!$C25,3)="ND-", IF(LEFT(MasterCMCopy!$X25,10)<>"epo:NonPub", MasterCMCopy!$L25, IF(RIGHT(MasterCMCopy!$X25,13)="epo:Procedure", "MG-Procedure", "")), "") | K25: =IF(J25="", "", IF(J25="MG-Procedure", "ND-Root", MasterCMCopy!H25)) | L25: =IF($J25="", "", MasterCMCopy!$C25 & " (concernsMaskedObject)") | M25: =IFERROR(__xludf.DUMMYFUNCTION("IF($J25="""", """", ""Connection from NonPublishedInformation to "" & REGEXEXTRACT(MasterCMCopy!$X25, "".*:(.*)"") & "" under "" & $J25 & ""_"" & $K25)"),"") | N25: =IF(J25="", "", "tedm:" & J25 & "_" & K25) | O25: =IFERROR(__xludf.DUMMYFUNCTION("IF($J25="""", """", IF($J25=""MG-Procedure"", """", REGEXREPLACE(MasterCMCopy!$P25,""\[[^\]]+\]"","""")))"),"") | P25: =IFERROR(__xludf.DUMMYFUNCTION("REGEXREPLACE($O25,""[^/]+"","".."")"),"") | Q25: =IF(AND(LEFT(MasterCMCopy!$C25,6)="BT-195", OR(MasterCMCopy!$O25<>MasterCMCopy!$O24,$G25<>$G24,$H25<>$H24)),MasterCMCopy!$C25,"") -> BT-195(BT-1351)-Procedure | R25: =IF(AND(LEFT(MasterCMCopy!$C25,6)="BT-195", OR(MasterCMCopy!$O25<>MasterCMCopy!$O24,$G25<>$G24,$H25<>$H24)), "The field " & MasterCMCopy!$C25 & ", " & MasterCMCopy!$D25 & ", specifies information to generate the URI of the masked property","") -> The field BT-195(BT-1351)-Procedure, Unpublished Identifier, specifies information to generate the URI of the masked property | S25: =IF(AND(LEFT(MasterCMCopy!$C25,6)="BT-195", OR(MasterCMCopy!$O25<>MasterCMCopy!$O24,$G25<>$G24,$H25<>$H24)),MasterCMCopy!$O25,"") -> efbc:FieldIdentifierCode/text() = 'pro-acc-jus' | T25: =IFERROR(__xludf.DUMMYFUNCTION("IF(AND(LEFT(MasterCMCopy!$C25,6)=""BT-195"", MasterCMCopy!$O25<>MasterCMCopy!$O24),IFNA(REGEXEXTRACT(MasterCMCopy!$Y25,""<(.*)>""),""UNKNOWN""),"""")"),"http://data.europa.eu/a4g/ontology#hasAcceleratedProcedureJustification") -> http://data.europa.eu/a4g/ontology#hasAcceleratedProcedureJustification | U25: =IF(AND(LEFT(MasterCMCopy!$C25,6)="BT-197", MasterCMCopy!$C25<>MasterCMCopy!$C24),MasterCMCopy!$C25,"") | V25: =IF(AND(LEFT(MasterCMCopy!$C25,6)="BT-197", MasterCMCopy!$C25<>MasterCMCopy!$C24), "In " & MasterCMCopy!$C25 & ", " & MasterCMCopy!$D25 & ", we link to the at-voc:non-publication-justification controlled list","") | W25: =IF(AND(LEFT(MasterCMCopy!$C25,6)="BT-198", MasterCMCopy!$C25<>MasterCMCopy!$C24),MasterCMCopy!$C25,"") | X25: =IF(AND(LEFT(MasterCMCopy!$C25,6)="BT-198", MasterCMCopy!$C25<>MasterCMCopy!$C24), MasterCMCopy!$D25 & IF(AND(MasterCMCopy!$C25=MasterCMCopy!$C26, MasterCMCopy!$D25<>MasterCMCopy!$D26), (" (" & MasterCMCopy!$D26 & " below SDK 1.6)"), ""),"") | Y25: =REPLACE($B25, 1, LEN("tedm:MG"), "tedm:MG-langString-hasConfidentialityJustification-") -> tedm:MG-langString-hasConfidentialityJustification--NonPublishedInformation-ND-ProcedureAcceleratedJustificationUnpublish | Z25: =IF($E25="", "", $E25 & "/efbc:ReasonDescription") | AA25: =IF(AND(LEFT(MasterCMCopy!$C25,6)="BT-196", MasterCMCopy!$C25<>MasterCMCopy!$C24),MasterCMCopy!$C25,"") | AB25: =IF(AND(LEFT(MasterCMCopy!$C25,6)="BT-196", MasterCMCopy!$C25<>MasterCMCopy!$C24), MasterCMCopy!$D25 & " of " & MasterCMCopy!$L25 & " under " & MasterCMCopy!$I25,"") | AC25: =IF($AA25="", "", $AA25 & "-Language") | AD25: =IF($AB25="", "", "Language of " & $AB25)
A26: =IF(B26="---",B26, IF(D26="", "", D26 & (IF($I26, "_v" & IF($G26="", "1.3", $G26) & IF($H26="", "+", "-" & $H26), "") & ".rml.ttl"))) | B26: =IF(MasterCMCopy!$X26="","---", "tedm:" & IF(LEFT(MasterCMCopy!$C26, 3)="ND-", IF(LEFT(MasterCMCopy!$C30, 3)="ND-", MasterCMCopy!$L32, MasterCMCopy!$L30) & "-" & MasterCMCopy!$C26, MasterCMCopy!$L26 & "-" & MasterCMCopy!$I26)) -> tedm:MG-NonPublishedInformation-ND-ProcedureAcceleratedJustificationUnpublish | C26: =IF(AND(LEFT(MasterCMCopy!$C26,6)="BT-195", OR(LEFT(MasterCMCopy!$C25,3)="ND-",$B26<>$B25)),MasterCMCopy!$L26,"") | D26: =IF(AND(LEFT(MasterCMCopy!$C26,3)="ND-", OR(MasterCMCopy!$N26<>MasterCMCopy!$N25, MasterCMCopy!$P26<>MasterCMCopy!$P25)),MasterCMCopy!$C26,"") | E26: =IF(AND(LEFT(MasterCMCopy!$C26,3)="ND-", OR(MasterCMCopy!$N26<>MasterCMCopy!$N25, MasterCMCopy!$P26<>MasterCMCopy!$P25)),MasterCMCopy!$N26,"") | F26: =IFERROR(__xludf.DUMMYFUNCTION("IF($E26="""", """", REGEXEXTRACT($E26,""efbc:FieldIdentifierCode[^\]]+""))"),"") | G26: =MasterCMCopy!A26 -> 1.4 | H26: =MasterCMCopy!B26 | J26: =IF(LEFT(MasterCMCopy!$C26,3)="ND-", IF(LEFT(MasterCMCopy!$X26,10)<>"epo:NonPub", MasterCMCopy!$L26, IF(RIGHT(MasterCMCopy!$X26,13)="epo:Procedure", "MG-Procedure", "")), "") | K26: =IF(J26="", "", IF(J26="MG-Procedure", "ND-Root", MasterCMCopy!H26)) | L26: =IF($J26="", "", MasterCMCopy!$C26 & " (concernsMaskedObject)") | M26: =IFERROR(__xludf.DUMMYFUNCTION("IF($J26="""", """", ""Connection from NonPublishedInformation to "" & REGEXEXTRACT(MasterCMCopy!$X26, "".*:(.*)"") & "" under "" & $J26 & ""_"" & $K26)"),"") | N26: =IF(J26="", "", "tedm:" & J26 & "_" & K26) | O26: =IFERROR(__xludf.DUMMYFUNCTION("IF($J26="""", """", IF($J26=""MG-Procedure"", """", REGEXREPLACE(MasterCMCopy!$P26,""\[[^\]]+\]"","""")))"),"") | P26: =IFERROR(__xludf.DUMMYFUNCTION("REGEXREPLACE($O26,""[^/]+"","".."")"),"") | Q26: =IF(AND(LEFT(MasterCMCopy!$C26,6)="BT-195", OR(MasterCMCopy!$O26<>MasterCMCopy!$O25,$G26<>$G25,$H26<>$H25)),MasterCMCopy!$C26,"") | R26: =IF(AND(LEFT(MasterCMCopy!$C26,6)="BT-195", OR(MasterCMCopy!$O26<>MasterCMCopy!$O25,$G26<>$G25,$H26<>$H25)), "The field " & MasterCMCopy!$C26 & ", " & MasterCMCopy!$D26 & ", specifies information to generate the URI of the masked property","") | S26: =IF(AND(LEFT(MasterCMCopy!$C26,6)="BT-195", OR(MasterCMCopy!$O26<>MasterCMCopy!$O25,$G26<>$G25,$H26<>$H25)),MasterCMCopy!$O26,"") | T26: =IFERROR(__xludf.DUMMYFUNCTION("IF(AND(LEFT(MasterCMCopy!$C26,6)=""BT-195"", MasterCMCopy!$O26<>MasterCMCopy!$O25),IFNA(REGEXEXTRACT(MasterCMCopy!$Y26,""<(.*)>""),""UNKNOWN""),"""")"),"") | U26: =IF(AND(LEFT(MasterCMCopy!$C26,6)="BT-197", MasterCMCopy!$C26<>MasterCMCopy!$C25),MasterCMCopy!$C26,"") | V26: =IF(AND(LEFT(MasterCMCopy!$C26,6)="BT-197", MasterCMCopy!$C26<>MasterCMCopy!$C25), "In " & MasterCMCopy!$C26 & ", " & MasterCMCopy!$D26 & ", we link to the at-voc:non-publication-justification controlled list","") | W26: =IF(AND(LEFT(MasterCMCopy!$C26,6)="BT-198", MasterCMCopy!$C26<>MasterCMCopy!$C25),MasterCMCopy!$C26,"") | X26: =IF(AND(LEFT(MasterCMCopy!$C26,6)="BT-198", MasterCMCopy!$C26<>MasterCMCopy!$C25), MasterCMCopy!$D26 & IF(AND(MasterCMCopy!$C26=MasterCMCopy!$C27, MasterCMCopy!$D26<>MasterCMCopy!$D27), (" (" & MasterCMCopy!$D27 & " below SDK 1.6)"), ""),"") | Y26: =REPLACE($B26, 1, LEN("tedm:MG"), "tedm:MG-langString-hasConfidentialityJustification-") -> tedm:MG-langString-hasConfidentialityJustification--NonPublishedInformation-ND-ProcedureAcceleratedJustificationUnpublish | Z26: =IF($E26="", "", $E26 & "/efbc:ReasonDescription") | AA26: =IF(AND(LEFT(MasterCMCopy!$C26,6)="BT-196", MasterCMCopy!$C26<>MasterCMCopy!$C25),MasterCMCopy!$C26,"") -> BT-196(BT-1351)-Procedure | AB26: =IF(AND(LEFT(MasterCMCopy!$C26,6)="BT-196", MasterCMCopy!$C26<>MasterCMCopy!$C25), MasterCMCopy!$D26 & " of " & MasterCMCopy!$L26 & " under " & MasterCMCopy!$I26,"") -> Unpublished Justification Description of MG-NonPublishedInformation under ND-ProcedureAcceleratedJustificationUnpublish | AC26: =IF($AA26="", "", $AA26 & "-Language") -> BT-196(BT-1351)-Procedure-Language | AD26: =IF($AB26="", "", "Language of " & $AB26) -> Language of Unpublished Justification Description of MG-NonPublishedInformation under ND-ProcedureAcceleratedJustificationUnpublish
A27: =IF(B27="---",B27, IF(D27="", "", D27 & (IF($I27, "_v" & IF($G27="", "1.3", $G27) & IF($H27="", "+", "-" & $H27), "") & ".rml.ttl"))) | B27: =IF(MasterCMCopy!$X27="","---", "tedm:" & IF(LEFT(MasterCMCopy!$C27, 3)="ND-", IF(LEFT(MasterCMCopy!$C31, 3)="ND-", MasterCMCopy!$L33, MasterCMCopy!$L31) & "-" & MasterCMCopy!$C27, MasterCMCopy!$L27 & "-" & MasterCMCopy!$I27)) -> tedm:MG-NonPublishedInformation-ND-ProcedureAcceleratedJustificationUnpublish | C27: =IF(AND(LEFT(MasterCMCopy!$C27,6)="BT-195", OR(LEFT(MasterCMCopy!$C26,3)="ND-",$B27<>$B26)),MasterCMCopy!$L27,"") | D27: =IF(AND(LEFT(MasterCMCopy!$C27,3)="ND-", OR(MasterCMCopy!$N27<>MasterCMCopy!$N26, MasterCMCopy!$P27<>MasterCMCopy!$P26)),MasterCMCopy!$C27,"") | E27: =IF(AND(LEFT(MasterCMCopy!$C27,3)="ND-", OR(MasterCMCopy!$N27<>MasterCMCopy!$N26, MasterCMCopy!$P27<>MasterCMCopy!$P26)),MasterCMCopy!$N27,"") | F27: =IFERROR(__xludf.DUMMYFUNCTION("IF($E27="""", """", REGEXEXTRACT($E27,""efbc:FieldIdentifierCode[^\]]+""))"),"") | G27: =MasterCMCopy!A27 -> 1.4 | H27: =MasterCMCopy!B27 | J27: =IF(LEFT(MasterCMCopy!$C27,3)="ND-", IF(LEFT(MasterCMCopy!$X27,10)<>"epo:NonPub", MasterCMCopy!$L27, IF(RIGHT(MasterCMCopy!$X27,13)="epo:Procedure", "MG-Procedure", "")), "") | K27: =IF(J27="", "", IF(J27="MG-Procedure", "ND-Root", MasterCMCopy!H27)) | L27: =IF($J27="", "", MasterCMCopy!$C27 & " (concernsMaskedObject)") | M27: =IFERROR(__xludf.DUMMYFUNCTION("IF($J27="""", """", ""Connection from NonPublishedInformation to "" & REGEXEXTRACT(MasterCMCopy!$X27, "".*:(.*)"") & "" under "" & $J27 & ""_"" & $K27)"),"") | N27: =IF(J27="", "", "tedm:" & J27 & "_" & K27) | O27: =IFERROR(__xludf.DUMMYFUNCTION("IF($J27="""", """", IF($J27=""MG-Procedure"", """", REGEXREPLACE(MasterCMCopy!$P27,""\[[^\]]+\]"","""")))"),"") | P27: =IFERROR(__xludf.DUMMYFUNCTION("REGEXREPLACE($O27,""[^/]+"","".."")"),"") | Q27: =IF(AND(LEFT(MasterCMCopy!$C27,6)="BT-195", OR(MasterCMCopy!$O27<>MasterCMCopy!$O26,$G27<>$G26,$H27<>$H26)),MasterCMCopy!$C27,"") | R27: =IF(AND(LEFT(MasterCMCopy!$C27,6)="BT-195", OR(MasterCMCopy!$O27<>MasterCMCopy!$O26,$G27<>$G26,$H27<>$H26)), "The field " & MasterCMCopy!$C27 & ", " & MasterCMCopy!$D27 & ", specifies information to generate the URI of the masked property","") | S27: =IF(AND(LEFT(MasterCMCopy!$C27,6)="BT-195", OR(MasterCMCopy!$O27<>MasterCMCopy!$O26,$G27<>$G26,$H27<>$H26)),MasterCMCopy!$O27,"") | T27: =IFERROR(__xludf.DUMMYFUNCTION("IF(AND(LEFT(MasterCMCopy!$C27,6)=""BT-195"", MasterCMCopy!$O27<>MasterCMCopy!$O26),IFNA(REGEXEXTRACT(MasterCMCopy!$Y27,""<(.*)>""),""UNKNOWN""),"""")"),"") | U27: =IF(AND(LEFT(MasterCMCopy!$C27,6)="BT-197", MasterCMCopy!$C27<>MasterCMCopy!$C26),MasterCMCopy!$C27,"") -> BT-197(BT-1351)-Procedure | V27: =IF(AND(LEFT(MasterCMCopy!$C27,6)="BT-197", MasterCMCopy!$C27<>MasterCMCopy!$C26), "In " & MasterCMCopy!$C27 & ", " & MasterCMCopy!$D27 & ", we link to the at-voc:non-publication-justification controlled list","") -> In BT-197(BT-1351)-Procedure, Unpublished Justification Code, we link to the at-voc:non-publication-justification controlled list | W27: =IF(AND(LEFT(MasterCMCopy!$C27,6)="BT-198", MasterCMCopy!$C27<>MasterCMCopy!$C26),MasterCMCopy!$C27,"") | X27: =IF(AND(LEFT(MasterCMCopy!$C27,6)="BT-198", MasterCMCopy!$C27<>MasterCMCopy!$C26), MasterCMCopy!$D27 & IF(AND(MasterCMCopy!$C27=MasterCMCopy!$C28, MasterCMCopy!$D27<>MasterCMCopy!$D28), (" (" & MasterCMCopy!$D28 & " below SDK 1.6)"), ""),"") | Y27: =REPLACE($B27, 1, LEN("tedm:MG"), "tedm:MG-langString-hasConfidentialityJustification-") -> tedm:MG-langString-hasConfidentialityJustification--NonPublishedInformation-ND-ProcedureAcceleratedJustificationUnpublish | Z27: =IF($E27="", "", $E27 & "/efbc:ReasonDescription") | AA27: =IF(AND(LEFT(MasterCMCopy!$C27,6)="BT-196", MasterCMCopy!$C27<>MasterCMCopy!$C26),MasterCMCopy!$C27,"") | AB27: =IF(AND(LEFT(MasterCMCopy!$C27,6)="BT-196", MasterCMCopy!$C27<>MasterCMCopy!$C26), MasterCMCopy!$D27 & " of " & MasterCMCopy!$L27 & " under " & MasterCMCopy!$I27,"") | AC27: =IF($AA27="", "", $AA27 & "-Language") | AD27: =IF($AB27="", "", "Language of " & $AB27)
A28: =IF(B28="---",B28, IF(D28="", "", D28 & (IF($I28, "_v" & IF($G28="", "1.3", $G28) & IF($H28="", "+", "-" & $H28), "") & ".rml.ttl"))) | B28: =IF(MasterCMCopy!$X28="","---", "tedm:" & IF(LEFT(MasterCMCopy!$C28, 3)="ND-", IF(LEFT(MasterCMCopy!$C32, 3)="ND-", MasterCMCopy!$L34, MasterCMCopy!$L32) & "-" & MasterCMCopy!$C28, MasterCMCopy!$L28 & "-" & MasterCMCopy!$I28)) -> tedm:MG-NonPublishedInformation-ND-ProcedureAcceleratedJustificationUnpublish | C28: =IF(AND(LEFT(MasterCMCopy!$C28,6)="BT-195", OR(LEFT(MasterCMCopy!$C27,3)="ND-",$B28<>$B27)),MasterCMCopy!$L28,"") | D28: =IF(AND(LEFT(MasterCMCopy!$C28,3)="ND-", OR(MasterCMCopy!$N28<>MasterCMCopy!$N27, MasterCMCopy!$P28<>MasterCMCopy!$P27)),MasterCMCopy!$C28,"") | E28: =IF(AND(LEFT(MasterCMCopy!$C28,3)="ND-", OR(MasterCMCopy!$N28<>MasterCMCopy!$N27, MasterCMCopy!$P28<>MasterCMCopy!$P27)),MasterCMCopy!$N28,"") | F28: =IFERROR(__xludf.DUMMYFUNCTION("IF($E28="""", """", REGEXEXTRACT($E28,""efbc:FieldIdentifierCode[^\]]+""))"),"") | G28: =MasterCMCopy!A28 -> 1.4 | H28: =MasterCMCopy!B28 -> 1.5 | J28: =IF(LEFT(MasterCMCopy!$C28,3)="ND-", IF(LEFT(MasterCMCopy!$X28,10)<>"epo:NonPub", MasterCMCopy!$L28, IF(RIGHT(MasterCMCopy!$X28,13)="epo:Procedure", "MG-Procedure", "")), "") | K28: =IF(J28="", "", IF(J28="MG-Procedure", "ND-Root", MasterCMCopy!H28)) | L28: =IF($J28="", "", MasterCMCopy!$C28 & " (concernsMaskedObject)") | M28: =IFERROR(__xludf.DUMMYFUNCTION("IF($J28="""", """", ""Connection from NonPublishedInformation to "" & REGEXEXTRACT(MasterCMCopy!$X28, "".*:(.*)"") & "" under "" & $J28 & ""_"" & $K28)"),"") | N28: =IF(J28="", "", "tedm:" & J28 & "_" & K28) | O28: =IFERROR(__xludf.DUMMYFUNCTION("IF($J28="""", """", IF($J28=""MG-Procedure"", """", REGEXREPLACE(MasterCMCopy!$P28,""\[[^\]]+\]"","""")))"),"") | P28: =IFERROR(__xludf.DUMMYFUNCTION("REGEXREPLACE($O28,""[^/]+"","".."")"),"") | Q28: =IF(AND(LEFT(MasterCMCopy!$C28,6)="BT-195", OR(MasterCMCopy!$O28<>MasterCMCopy!$O27,$G28<>$G27,$H28<>$H27)),MasterCMCopy!$C28,"") | R28: =IF(AND(LEFT(MasterCMCopy!$C28,6)="BT-195", OR(MasterCMCopy!$O28<>MasterCMCopy!$O27,$G28<>$G27,$H28<>$H27)), "The field " & MasterCMCopy!$C28 & ", " & MasterCMCopy!$D28 & ", specifies information to generate the URI of the masked property","") | S28: =IF(AND(LEFT(MasterCMCopy!$C28,6)="BT-195", OR(MasterCMCopy!$O28<>MasterCMCopy!$O27,$G28<>$G27,$H28<>$H27)),MasterCMCopy!$O28,"") | T28: =IFERROR(__xludf.DUMMYFUNCTION("IF(AND(LEFT(MasterCMCopy!$C28,6)=""BT-195"", MasterCMCopy!$O28<>MasterCMCopy!$O27),IFNA(REGEXEXTRACT(MasterCMCopy!$Y28,""<(.*)>""),""UNKNOWN""),"""")"),"") | U28: =IF(AND(LEFT(MasterCMCopy!$C28,6)="BT-197", MasterCMCopy!$C28<>MasterCMCopy!$C27),MasterCMCopy!$C28,"") | V28: =IF(AND(LEFT(MasterCMCopy!$C28,6)="BT-197", MasterCMCopy!$C28<>MasterCMCopy!$C27), "In " & MasterCMCopy!$C28 & ", " & MasterCMCopy!$D28 & ", we link to the at-voc:non-publication-justification controlled list","") | W28: =IF(AND(LEFT(MasterCMCopy!$C28,6)="BT-198", MasterCMCopy!$C28<>MasterCMCopy!$C27),MasterCMCopy!$C28,"") -> BT-198(BT-1351)-Procedure | X28: =IF(AND(LEFT(MasterCMCopy!$C28,6)="BT-198", MasterCMCopy!$C28<>MasterCMCopy!$C27), MasterCMCopy!$D28 & IF(AND(MasterCMCopy!$C28=MasterCMCopy!$C29, MasterCMCopy!$D28<>MasterCMCopy!$D29), (" (" & MasterCMCopy!$D29 & " below SDK 1.6)"), ""),"") -> Unpublished Accessibility Date (Unpublished Access Date below SDK 1.6) | Y28: =REPLACE($B28, 1, LEN("tedm:MG"), "tedm:MG-langString-hasConfidentialityJustification-") -> tedm:MG-langString-hasConfidentialityJustification--NonPublishedInformation-ND-ProcedureAcceleratedJustificationUnpublish | Z28: =IF($E28="", "", $E28 & "/efbc:ReasonDescription") | AA28: =IF(AND(LEFT(MasterCMCopy!$C28,6)="BT-196", MasterCMCopy!$C28<>MasterCMCopy!$C27),MasterCMCopy!$C28,"") | AB28: =IF(AND(LEFT(MasterCMCopy!$C28,6)="BT-196", MasterCMCopy!$C28<>MasterCMCopy!$C27), MasterCMCopy!$D28 & " of " & MasterCMCopy!$L28 & " under " & MasterCMCopy!$I28,"") | AC28: =IF($AA28="", "", $AA28 & "-Language") | AD28: =IF($AB28="", "", "Language of " & $AB28)
A29: =IF(B29="---",B29, IF(D29="", "", D29 & (IF($I29, "_v" & IF($G29="", "1.3", $G29) & IF($H29="", "+", "-" & $H29), "") & ".rml.ttl"))) | B29: =IF(MasterCMCopy!$X29="","---", "tedm:" & IF(LEFT(MasterCMCopy!$C29, 3)="ND-", IF(LEFT(MasterCMCopy!$C33, 3)="ND-", MasterCMCopy!$L35, MasterCMCopy!$L33) & "-" & MasterCMCopy!$C29, MasterCMCopy!$L29 & "-" & MasterCMCopy!$I29)) -> tedm:MG-NonPublishedInformation-ND-ProcedureAcceleratedJustificationUnpublish | C29: =IF(AND(LEFT(MasterCMCopy!$C29,6)="BT-195", OR(LEFT(MasterCMCopy!$C28,3)="ND-",$B29<>$B28)),MasterCMCopy!$L29,"") | D29: =IF(AND(LEFT(MasterCMCopy!$C29,3)="ND-", OR(MasterCMCopy!$N29<>MasterCMCopy!$N28, MasterCMCopy!$P29<>MasterCMCopy!$P28)),MasterCMCopy!$C29,"") | E29: =IF(AND(LEFT(MasterCMCopy!$C29,3)="ND-", OR(MasterCMCopy!$N29<>MasterCMCopy!$N28, MasterCMCopy!$P29<>MasterCMCopy!$P28)),MasterCMCopy!$N29,"") | F29: =IFERROR(__xludf.DUMMYFUNCTION("IF($E29="""", """", REGEXEXTRACT($E29,""efbc:FieldIdentifierCode[^\]]+""))"),"") | G29: =MasterCMCopy!A29 -> 1.6 | H29: =MasterCMCopy!B29 | J29: =IF(LEFT(MasterCMCopy!$C29,3)="ND-", IF(LEFT(MasterCMCopy!$X29,10)<>"epo:NonPub", MasterCMCopy!$L29, IF(RIGHT(MasterCMCopy!$X29,13)="epo:Procedure", "MG-Procedure", "")), "") | K29: =IF(J29="", "", IF(J29="MG-Procedure", "ND-Root", MasterCMCopy!H29)) | L29: =IF($J29="", "", MasterCMCopy!$C29 & " (concernsMaskedObject)") | M29: =IFERROR(__xludf.DUMMYFUNCTION("IF($J29="""", """", ""Connection from NonPublishedInformation to "" & REGEXEXTRACT(MasterCMCopy!$X29, "".*:(.*)"") & "" under "" & $J29 & ""_"" & $K29)"),"") | N29: =IF(J29="", "", "tedm:" & J29 & "_" & K29) | O29: =IFERROR(__xludf.DUMMYFUNCTION("IF($J29="""", """", IF($J29=""MG-Procedure"", """", REGEXREPLACE(MasterCMCopy!$P29,""\[[^\]]+\]"","""")))"),"") | P29: =IFERROR(__xludf.DUMMYFUNCTION("REGEXREPLACE($O29,""[^/]+"","".."")"),"") | Q29: =IF(AND(LEFT(MasterCMCopy!$C29,6)="BT-195", OR(MasterCMCopy!$O29<>MasterCMCopy!$O28,$G29<>$G28,$H29<>$H28)),MasterCMCopy!$C29,"") | R29: =IF(AND(LEFT(MasterCMCopy!$C29,6)="BT-195", OR(MasterCMCopy!$O29<>MasterCMCopy!$O28,$G29<>$G28,$H29<>$H28)), "The field " & MasterCMCopy!$C29 & ", " & MasterCMCopy!$D29 & ", specifies information to generate the URI of the masked property","") | S29: =IF(AND(LEFT(MasterCMCopy!$C29,6)="BT-195", OR(MasterCMCopy!$O29<>MasterCMCopy!$O28,$G29<>$G28,$H29<>$H28)),MasterCMCopy!$O29,"") | T29: =IFERROR(__xludf.DUMMYFUNCTION("IF(AND(LEFT(MasterCMCopy!$C29,6)=""BT-195"", MasterCMCopy!$O29<>MasterCMCopy!$O28),IFNA(REGEXEXTRACT(MasterCMCopy!$Y29,""<(.*)>""),""UNKNOWN""),"""")"),"") | U29: =IF(AND(LEFT(MasterCMCopy!$C29,6)="BT-197", MasterCMCopy!$C29<>MasterCMCopy!$C28),MasterCMCopy!$C29,"") | V29: =IF(AND(LEFT(MasterCMCopy!$C29,6)="BT-197", MasterCMCopy!$C29<>MasterCMCopy!$C28), "In " & MasterCMCopy!$C29 & ", " & MasterCMCopy!$D29 & ", we link to the at-voc:non-publication-justification controlled list","") | W29: =IF(AND(LEFT(MasterCMCopy!$C29,6)="BT-198", MasterCMCopy!$C29<>MasterCMCopy!$C28),MasterCMCopy!$C29,"") | X29: =IF(AND(LEFT(MasterCMCopy!$C29,6)="BT-198", MasterCMCopy!$C29<>MasterCMCopy!$C28), MasterCMCopy!$D29 & IF(AND(MasterCMCopy!$C29=MasterCMCopy!$C30, MasterCMCopy!$D29<>MasterCMCopy!$D30), (" (" & MasterCMCopy!$D30 & " below SDK 1.6)"), ""),"") | Y29: =REPLACE($B29, 1, LEN("tedm:MG"), "tedm:MG-langString-hasConfidentialityJustification-") -> tedm:MG-langString-hasConfidentialityJustification--NonPublishedInformation-ND-ProcedureAcceleratedJustificationUnpublish | Z29: =IF($E29="", "", $E29 & "/efbc:ReasonDescription") | AA29: =IF(AND(LEFT(MasterCMCopy!$C29,6)="BT-196", MasterCMCopy!$C29<>MasterCMCopy!$C28),MasterCMCopy!$C29,"") | AB29: =IF(AND(LEFT(MasterCMCopy!$C29,6)="BT-196", MasterCMCopy!$C29<>MasterCMCopy!$C28), MasterCMCopy!$D29 & " of " & MasterCMCopy!$L29 & " under " & MasterCMCopy!$I29,"") | AC29: =IF($AA29="", "", $AA29 & "-Language") | AD29: =IF($AB29="", "", "Language of " & $AB29)
